answer,question_id,motivation_src,motivation,motivation_src_link,country_code,country_name,party_id,party_name_full,party_name_short,party_image,question,question_shared_id
,1125,,,,LT,Lithuania,274,Social Democratic Party of Lithuania,LSDP,http://files2.societly.com.s3-website.eu-central-1.amazonaws.com/0000/0000/0025/candidates/0000/0000/0274/lsdp.logo-1554888259.jpg,Social programmes should be maintained even at the cost of higher taxes,0
75.0,1125,2012 m. Seimo rinkimų programa,"Valstybės institucijos ypatingai turėtų pasirūpinti labiausiai pažeidžiamais piliečiais, kurie be atitinkamos paramos nesugebės susitvarkyti su krizės padariniais, susijusiais, be abejo, su kainų pakilimu ir pajamų mažėjimu. Todėl padidėja namų ūkio išlaidos. Būtent dėl to paramos suteikimas šeimoms, turinčioms mažas pajamas, daugiavaikėms šeimoms bei šeimoms su neįgaliais vaikais turėtų tapti prioritetu. Kitu atveju, ženkliai gali padidėti socialiai atskirtų žmonių skaičius esančių žemiau skurdo ribos skaičius. <…> Sveikatos sistemos finansavimas turi būti biudžeto prioritetu, kadangi sveikatai skiriami pinigai nėra išlaidavimas. Tai investicija Lietuvos žmonių sveikatos išsaugojimui ir stiprinimui. Reikalingos ir papildomos vaistų įsigijimo lengvatos. Neįgalūs asmenys bei asmenys, išlaikantys neįgaliuosius asmenis, žmonės, kuriems nustatytos lėtinės ligos bei žmonės, kurių pajamos yra žemiau skurdo ribos, privalo turėti galimybę atskaityti nuo pajamų išlaidas vaistams, jei tam tikrą mėnesį jiems išleido daugiau negu 100 litų.",http://www.awpl.lt/?page_id=60&lang=lt,LT,Lithuania,324,Electoral Action of Poles in Lithuania - Union of Christian Families,LLRA-KŠS,http://files2.societly.com.s3-website.eu-central-1.amazonaws.com/0000/0000/0025/candidates/0000/0000/0324/llra.logo-1554887964.png,Social programmes should be maintained even at the cost of higher taxes,0
100.0,1125,TS-LKD planas Lietuvai (prioritetai iki 2021 m.),"Manome, kad Lietuvai nereikėtų orientuotis į didžiausius ES mastu perskirstymo mastus, nes jie nebūtinai tvarūs, o norint juos padaryti tvariais visuomenė turi tikėti didelio perskirstymo nauda, tad ir būti pasirengusi mokėti aukštus mokesčius. Tačiau matome esant tikslinga, kad Lietuvos perskirstymo lygis ilgainiui pasiektų apie 40 proc. BVP. <…> Ambicija pasiekti adekvatesnį Europos šalių kontekste perskirstymą negali būti įgyvendinta esant dabartiniam valstybės pajamų iš mokesčių santykiui su BVP. Jis tam šiandien yra tiesiog per mažas – Lietuva pagal mokesčių santykį su BVP su 28 procentais yra ES valstybių gale (vidurkis – beveik 40 procentų). Palyginimui, Estijos mokesčių įplaukų santykis su BVP siekia 32 procentus – maždaug 4 procetiniais punktais daugiau nei Lietuvoje. Iki Estijos lygio siektume ilgainiui padidinti ir Lietuvos mokesčių/BVP santykį.",http://senas.tsajunga.lt/wp-content/uploads/2014/04/TS-LKD-naujas-planas-Lietuvai-bendras-programinis-dokumentas.pdf,LT,Lithuania,360,Homeland Union – Lithuanian Christian Democrats,TS-LKD,http://files2.societly.com.s3-website.eu-central-1.amazonaws.com/0000/0000/0025/candidates/0000/0000/0360/ts-lkd.logo-1554887939.jpg,Social programmes should be maintained even at the cost of higher taxes,0
0.0,1125,2016 m. Seimo rinkimų programa,"Lietuvos mokesčių mokėtojų pečius slegia didžiulė darbo mokesčių našta. Darbo apmokestinimas Lietuvoje siekia apie 40 proc. ir tai yra gerokai daugiau nei išsivysčiusių valstybių (EBPO) vidurkis. Įmonių savininkų pajamos iš jų turimų įmonių veiklos apmokestinamos net kelis kartus: 15 proc. pelno mokesčiu, 15 proc. gyventojų pajamų mokesčiu dividendams, kartu sudėjus gauname apie 30 procentus. Vartojimo mokesčiai taip pat didesni – net 11 ES valstybių narių galioja mažesnis standartinis pridėtinės vertės mokesčio (PVM) tarifas nei Lietuvoje, be to, taikomos įvairios lengvatos, kurios leidžia prekes ir paslaugas vartotojams įsigyti dar pigiau. Todėl Liberalų sąjūdis siūlo visą priemonių kompleksą, kuris padės turėti daugiau pinigų žmogui ir šeimai. <…> Mažinsime darbuotojų apmokestinimą <…>. Sumažinsime PVM tarifą nuo 21 iki 18 proc. <…> Neapmokestinsime investicijų <…>. Naikinsime brangius ir perteklinius mokesčius <…>. Mažinsime akcizo mokesčius benzinui ir dujoms <…>. Nepritarsime automobilių ir nekilnojamo turto mokesčių gyventojams įvedimui. <…> Mažinsime smulkaus verslo sąnaudas mokesčiams.",http://www.liberalai.lt/content/uploads/2016/06/20160818-PROGRAMA.pdf,LT,Lithuania,389,Liberals Movement of the Republic of Lithuania,LRLS,http://files2.societly.com.s3-website.eu-central-1.amazonaws.com/0000/0000/0025/candidates/0000/0000/0389/ls.logo-1554888007.jpg,Social programmes should be maintained even at the cost of higher taxes,0
75.0,1125,Darbo partijos programa,"Gyvenimo lygį ir socialines garantijas privalu pakelti tiek, kad žmonės turėtų savo būstą ir galėtų oriai gyventi.Darbo partija sieks mažinti turtinę ir socialinę nelygybę. Tuo tikslu būtina parengti ilgalaikes socialinės paramos programas, peržiūrėti ir maksimaliai sumažinti išskirtines socialines garantijas turinčių gyventojų grupių skaičių.",https://www.darbopartija.lt/apie/,LT,Lithuania,434,The Labour Party,DP,http://files2.societly.com.s3-website.eu-central-1.amazonaws.com/0000/0000/0025/candidates/0000/0000/0434/darbo_partija_logo.svg-1554885098.png,Social programmes should be maintained even at the cost of higher taxes,0
75.0,1125,Lietuvos valstiečių ir žaliųjų sąjungos 2016 m. LR Seimo rinkimų programa,"Sistemiškai didinsime išlaidas socialinei apsaugai, kartu užtikrindami valstybės finansinį stabilumą. Valstybės socialinių įsipareigojimų didėjimą susiesime su socialinės paramos veiksmingumo didinimu. Siektinu valstybės socialinių įsipareigojimų rodikliu įvardijame ES vidurkį: vidutiniškai ES valstybės narės socialinei apsaugai skiria 19,5 proc. nuo BVP, kai Lietuva – tik 11,5 proc.;                                 Skatinsime investicijas ir darbo vietų kūrimą regionuose                                                                                          Skirsime realią pagalbą vaikams su negalia ir jų šeimoms Užtikrinsime visapusiškas paslaugas senjorams ir žmonėms su negalia šeimose ir bendruomenėse Užtikrinsime kokybišką įtraukųjį švietimą bei didinsime įsidarbinimo galimybes Pritaikysime aplinką ir viešąjį transportą žmonėms su specialiais poreikiais Didinsime socialinių, švietimo, kultūros ir sveikatos paslaugų prieinamumą visoje Lietuvoje Sukursime kompleksinę paslaugų ir užimtumo pagyvenusiems žmonėms programą",http://darnilietuva.lt/,LT,Lithuania,440,The Lithuanian Farmers and Greens Union,LVŽS,http://files2.societly.com.s3-website.eu-central-1.amazonaws.com/0000/0000/0025/candidates/0000/0000/0440/l%C5%BDvs.logo-1554888325.jpg,Social programmes should be maintained even at the cost of higher taxes,0
75.0,1125,Partijos Tvarka ir teisingumas 2016 m. rinkimų į LR Seimą programa ,"Gerokai sumažinsime valstybės išlaidas ir subalansuosime valstybės finansus, tačiau fiskalinės politikos griežtinimas jokiu būdu nebus vykdomas socialiai remtinų žmonių sąskaita. (...)  Įvesime progresinius mokesčius pagal formulę 5-20-35: iki 15 tūkstančių eurų metines pajamas „į rankas“ gaunantiems asmenims GPM būtų tik 5 procentai, nuo 15 iki 30 tūkstančių eurų – 20 procentų, o didesnėms pajamoms – 35 procentai. Mūsų pasiūlytas mokesčių sistemos modelis būtų gerokai socialiai teisingesnis. Be to, jis iš tiesų pasitarnautų pajamų augimui mažiausiai uždirbančiam sluoksniui. Savo ruožtu, vartojimas skatintų ekonomiką.",http://www.programa.tvarka.lt/TT_brosiura_preview.pdf,LT,Lithuania,443,Party Order and Justice,PTT ,http://files2.societly.com.s3-website.eu-central-1.amazonaws.com/0000/0000/0025/candidates/0000/0000/0443/atsisi%C5%B3sti-1554895812.png,Social programmes should be maintained even at the cost of higher taxes,0
100.0,1126,Lietuvos Socialdemokratų partijos vizija 2014,"Įtraukiančios ekonomikos plėtros modelis, Lietuvos Socialdemokratų partijos vizija 2014",https://www.lsdp.lt/apie/programa/,LT,Lithuania,274,Social Democratic Party of Lithuania,LSDP,http://files2.societly.com.s3-website.eu-central-1.amazonaws.com/0000/0000/0025/candidates/0000/0000/0274/lsdp.logo-1554888259.jpg,The state should provide stronger financial support to unemployed workers,1
75.0,1126,2012 m. Seimo rinkimų programa,"Mažinsime mokestinę naštą įmonėms, kurios įdarbina jaunimą, taip pat jauniems, pradedantiesiems nuosavą verslą.",http://www.awpl.lt/?page_id=60&lang=lt,LT,Lithuania,324,Electoral Action of Poles in Lithuania - Union of Christian Families,LLRA-KŠS,http://files2.societly.com.s3-website.eu-central-1.amazonaws.com/0000/0000/0025/candidates/0000/0000/0324/llra.logo-1554887964.png,The state should provide stronger financial support to unemployed workers,1
75.0,1126,2009 m. EP rinkimų programa,"Būtina panaikinti kliūtis žmonėms įsidarbinti ir vykdyti aktyvaus įdarbinimo po­litiką. Bedarbiams turi būti suteikiama intensyvi individuali pagalba – konsultacijos ir mokymai, padėsiantys jiems įsidarbinti. Daugiausia darbo vietų sukuria smulkus ir vidutinis verslas, tačiau daugelis žmonių negali jo pradėti nes neturi žinių ir pradinio kapitalo. Norintiems pradėti savo verslą bus sukurti rizikos kapitalo fondai, šiuo metu sėkmingai veikiantys Europoje. Jie nereikalauja pradinio užstato iš pradedančiojo verslininko, o patys tampa verslo dalininkais, dalyvauja įmonės valdyme. Tėvynės sąjunga prioritetiškai kovos už tokių ir panašių fondų atsiradimą ir plėtrą Lietuvoje.",www.lidata.eu/data/polsys/LiDA_POLSPART_000005/DOC.003,LT,Lithuania,360,Homeland Union – Lithuanian Christian Democrats,TS-LKD,http://files2.societly.com.s3-website.eu-central-1.amazonaws.com/0000/0000/0025/candidates/0000/0000/0360/ts-lkd.logo-1554887939.jpg,The state should provide stronger financial support to unemployed workers,1
25.0,1126,2016 m. Seimo rinkimų programa,"Liberalai mato, kad ne valstybės institucijos, o verslas kuria darbo vietas ir formuoja jų poreikius. Todėl Liberalų sąjūdis kviečia dar kartą peržiūrėti Darbo biržos vaidmenį, darbo rinkos priemonių administravimą ir nedarbo išmokų politiką.",http://www.liberalai.lt/content/uploads/2016/06/20160818-PROGRAMA.pdf,LT,Lithuania,389,Liberals Movement of the Republic of Lithuania,LRLS,http://files2.societly.com.s3-website.eu-central-1.amazonaws.com/0000/0000/0025/candidates/0000/0000/0389/ls.logo-1554888007.jpg,The state should provide stronger financial support to unemployed workers,1
75.0,1126,Darbo partijos programa,Partija sieks (...) Užtikrinti socialinį aprūpinimą bedarbiams,https://www.darbopartija.lt/apie/,LT,Lithuania,434,The Labour Party,DP,http://files2.societly.com.s3-website.eu-central-1.amazonaws.com/0000/0000/0025/candidates/0000/0000/0434/darbo_partija_logo.svg-1554885098.png,The state should provide stronger financial support to unemployed workers,1
100.0,1126,Lietuvos valstiečių ir žaliųjų sąjungos 2016 m. LR Seimo rinkimų programa,"Socialinės globos ir rūpybos sistemos tikslu turi tapti derama parama nedarbingumo atveju, tačiau pati sistema turi tapti orientuota į skatinimą dirbti ir užsidirbti, o ne į mėginimą išgyventi iš socialinių pašalpų. Kartu sieksime didinti galimybes gauti nedarbingumo išmokas, kurias šiuo metu gali gauti tik maža dalis nedirbančiųjų, nes bedarbio išmoką laikome ne pašalpa, o draudimo išmoka, kurią žmogus jau užsidirbo mokėdamas mokesčius;                               ",http://darnilietuva.lt/,LT,Lithuania,440,The Lithuanian Farmers and Greens Union,LVŽS,http://files2.societly.com.s3-website.eu-central-1.amazonaws.com/0000/0000/0025/candidates/0000/0000/0440/l%C5%BDvs.logo-1554888325.jpg,The state should provide stronger financial support to unemployed workers,1
,1126,,,,LT,Lithuania,443,Party Order and Justice,PTT ,http://files2.societly.com.s3-website.eu-central-1.amazonaws.com/0000/0000/0025/candidates/0000/0000/0443/atsisi%C5%B3sti-1554895812.png,The state should provide stronger financial support to unemployed workers,1
,1127,,,,LT,Lithuania,274,Social Democratic Party of Lithuania,LSDP,http://files2.societly.com.s3-website.eu-central-1.amazonaws.com/0000/0000/0025/candidates/0000/0000/0274/lsdp.logo-1554888259.jpg,The European Union should rigorously punish Member States that violate the EU deficit rules,2
25.0,1127,2014 m. EP rinkimų programa,"Tik suverenios valstybės, bendradarbiaujančios tarpusavyje, gali tapti Senojo žemyno politine jėga. Nauja, reformuota ES turėtų būti grindžiama keliomis, svarbiomis tėvynių Europos atžvilgiu, nuostatomis: <…> pagarba tradicijai, suverenitetui, demokratijai ir Europos tautų tapatybei.",https://www.vrk.lt/LLRA-programa,LT,Lithuania,324,Electoral Action of Poles in Lithuania - Union of Christian Families,LLRA-KŠS,http://files2.societly.com.s3-website.eu-central-1.amazonaws.com/0000/0000/0025/candidates/0000/0000/0324/llra.logo-1554887964.png,The European Union should rigorously punish Member States that violate the EU deficit rules,2
50.0,1127,TS-LKD planas Lietuvai (prioritetai iki 2021 m.),"Vykdysime apdairią Europos politiką – pripažindami tolesnės Europos Sąjungos integracijos būtinybę ir Bendrijos buvimą kryžkelėje tarp gilesnės integracijos ir fragmentacijos, tolesniuose integraciniuose procesuose sieksime pusiausvyros tarp nacionalinių interesų ir supranacionalinių ES institucijų iniciatyvų. ",http://senas.tsajunga.lt/wp-content/uploads/2014/04/TS-LKD-naujas-planas-Lietuvai-bendras-programinis-dokumentas.pdf,LT,Lithuania,360,Homeland Union – Lithuanian Christian Democrats,TS-LKD,http://files2.societly.com.s3-website.eu-central-1.amazonaws.com/0000/0000/0025/candidates/0000/0000/0360/ts-lkd.logo-1554887939.jpg,The European Union should rigorously punish Member States that violate the EU deficit rules,2
75.0,1127,2016 m. Seimo rinkimų programa,"Remsime gilesnę ES ekonominę integraciją, ES vientisumo išlaikymą, ES institucijų stiprinimą, sutelkiant pastangas į ES vieningos rinkos galutinį sukūrimą. <…> Mažinsime valdžios sektoriaus deficitą, kol pasieksime apskritą nulį (subalansuotas biudžetas). Iškelsime perteklinio Lietuvos biudžeto idėją, raginsime griežtos fiskalinės drausmės laikytis ir savivaldybes, ir „Sodrą“, ir kitas institucijas.",http://www.liberalai.lt/content/uploads/2016/06/20160818-PROGRAMA.pdf,LT,Lithuania,389,Liberals Movement of the Republic of Lithuania,LRLS,http://files2.societly.com.s3-website.eu-central-1.amazonaws.com/0000/0000/0025/candidates/0000/0000/0389/ls.logo-1554888007.jpg,The European Union should rigorously punish Member States that violate the EU deficit rules,2
,1127,,,,LT,Lithuania,434,The Labour Party,DP,http://files2.societly.com.s3-website.eu-central-1.amazonaws.com/0000/0000/0025/candidates/0000/0000/0434/darbo_partija_logo.svg-1554885098.png,The European Union should rigorously punish Member States that violate the EU deficit rules,2
,1127,,,,LT,Lithuania,440,The Lithuanian Farmers and Greens Union,LVŽS,http://files2.societly.com.s3-website.eu-central-1.amazonaws.com/0000/0000/0025/candidates/0000/0000/0440/l%C5%BDvs.logo-1554888325.jpg,The European Union should rigorously punish Member States that violate the EU deficit rules,2
,1127,,,,LT,Lithuania,443,Party Order and Justice,PTT ,http://files2.societly.com.s3-website.eu-central-1.amazonaws.com/0000/0000/0025/candidates/0000/0000/0443/atsisi%C5%B3sti-1554895812.png,The European Union should rigorously punish Member States that violate the EU deficit rules,2
75.0,1128,Lietuvos Socialdemokratų partijos vizija 2014,Lietuvos Socialdemokratų partijos vizija 2014,https://www.lsdp.lt/apie/programa/,LT,Lithuania,274,Social Democratic Party of Lithuania,LSDP,http://files2.societly.com.s3-website.eu-central-1.amazonaws.com/0000/0000/0025/candidates/0000/0000/0274/lsdp.logo-1554888259.jpg,Asylum-seekers should be distributed proportionally among European Union Member States,3
25.0,1128,2014 m. EP rinkimų programa,"Tik suverenios valstybės, bendradarbiaujančios tarpusavyje, gali tapti Senojo žemyno politine jėga. Nauja, reformuota ES turėtų būti grindžiama keliomis, svarbiomis tėvynių Europos atžvilgiu, nuostatomis: <…> pagarba tradicijai, suverenitetui, demokratijai ir Europos tautų tapatybei.",https://www.vrk.lt/LLRA-programa,LT,Lithuania,324,Electoral Action of Poles in Lithuania - Union of Christian Families,LLRA-KŠS,http://files2.societly.com.s3-website.eu-central-1.amazonaws.com/0000/0000/0025/candidates/0000/0000/0324/llra.logo-1554887964.png,Asylum-seekers should be distributed proportionally among European Union Member States,3
25.0,1128,TS-LKD planas Lietuvai (prioritetai iki 2021 m.),"Migrantų krizės akivaizdoje užimsime Lietuvos interesus ginančią poziciją. Tikėdamiesi iš kitų ES šalių solidarumo Rusijos atžvilgiu, turime patys demonstruoti solidarumą krizės labiausiai pažeistoms Europos valstybėms, tačiau negalime pritarti privalomosioms pabėgėlių priėmimo kvotoms.",http://senas.tsajunga.lt/wp-content/uploads/2014/04/TS-LKD-naujas-planas-Lietuvai-bendras-programinis-dokumentas.pdf,LT,Lithuania,360,Homeland Union – Lithuanian Christian Democrats,TS-LKD,http://files2.societly.com.s3-website.eu-central-1.amazonaws.com/0000/0000/0025/candidates/0000/0000/0360/ts-lkd.logo-1554887939.jpg,Asylum-seekers should be distributed proportionally among European Union Member States,3
75.0,1128,2016 m. Seimo rinkimų programa,"Remsime gilesnę ES ekonominę integraciją, ES vientisumo išlaikymą, ES institucijų stiprinimą, sutelkiant pastangas į ES vieningos rinkos galutinį sukūrimą.",http://www.liberalai.lt/content/uploads/2016/06/20160818-PROGRAMA.pdf,LT,Lithuania,389,Liberals Movement of the Republic of Lithuania,LRLS,http://files2.societly.com.s3-website.eu-central-1.amazonaws.com/0000/0000/0025/candidates/0000/0000/0389/ls.logo-1554888007.jpg,Asylum-seekers should be distributed proportionally among European Union Member States,3
0.0,1128,BNS informacija,"Valdančioji Darbo partija siūlo pasirašyti bendrą politinių partijų susitarimą, kuriuo būtų deklaruojama pozicija nepriimti į Lietuvą daugiau pabėgėlių, nei jau įsipareigota. (...) Susitarimu taip pat skelbiamas nepritarimas „priverstinei prieglobsčio prašytojų kvotų sistemai visos Bendrijos mastu“, teigiama, kad „tokia migracijos politika yra neteisinga, ydinga, trumparegiška, nepadedanti išspręsti nelegalių migracijos srautų“.",http://www.diena.lt/naujienos/lietuva/politika/darbo-partija-siulo-neisileisti-ne-vienu-pabegeliu-daugiau-nei-isipareigota-740444,LT,Lithuania,434,The Labour Party,DP,http://files2.societly.com.s3-website.eu-central-1.amazonaws.com/0000/0000/0025/candidates/0000/0000/0434/darbo_partija_logo.svg-1554885098.png,Asylum-seekers should be distributed proportionally among European Union Member States,3
0.0,1128,1. Straipsnis 15min. 2. Partijos lyderio pranešimas,"1. 19 LVŽS sąrašo atstovų mano, kad ES neturi teisės Lietuvai nustatyti pabėgėlių kvotų. Su tuo, kad ES tokią teisę turi, sutinka arba greičiau sutinka tik 4 LVŽS sąrašo nariai.                                                                                         2. R.Karbauskis: Dėl to palaikau Lenkijos ir Latvijos vadovų sprendimus, kai po tragedijos Paryžiuje yra atsisakyta vykdyti Europos Sąjungos nutarimus dėl privalomų karo pabėgėlių kvotų.                                                                                                                                                                                                          ",1. https://www.15min.lt/naujiena/aktualu/lietuva/valstieciu-politines-paziuros-kur-sutaria-o-kur-nuomones-issiskiria-56-702905                                                                                                                                                     2. http://alkas.lt/2015/11/17/r-karbauskis-tragedija-vercianti-apsispresti/,LT,Lithuania,440,The Lithuanian Farmers and Greens Union,LVŽS,http://files2.societly.com.s3-website.eu-central-1.amazonaws.com/0000/0000/0025/candidates/0000/0000/0440/l%C5%BDvs.logo-1554888325.jpg,Asylum-seekers should be distributed proportionally among European Union Member States,3
25.0,1128,"Partijos Tvarka ir teisingumas pirmininko Remigijaus Žemaitaičio kalba, pasakyta partijos XVI-ame kongrese","Milžiniškas pabėgėlių, imigrantų skaičius Europoje sukėlė ne tik kultūrinę reakciją bet ir neramumus, sumaištį. Europos Sąjungos pastangos priversti ES mažąsias šalis, mažuosius brolius, taip vadinamuosius „satelitus“, t.y. neįtakingas arba mažiau įtakingas valstybes nares, priimti milijonus pabėgėlių atrodo labai agresyviai. Tai panašu į rankų sukiojimą silpnesniajam. Didžiųjų valios primetimas mažesniesiems. Tokie „neva atskalūnai“, kaip Vengrija ir Lenkija, tai yra visos tos šalys, kurios stengiasi priešintis Europos Sąjungos šulų diktatui yra niekinamos ir, švelniai tariant, baramos. Vengrai ir lenkai jau net kaltinami rasizmu ir ksenofobija. Tai visiškai neteisinga, nes šių šalių opozicija nėra paremta neapykanta skirtingoms rasėms ar užsieniečių baime, bet siekiu išlaikyti savo pačių kultūrą, apsaugoti ją nuo radikalaus Europos Sąjungos reliatyvizmo bei radikalios islamizacijos, kamuojančios kitas Europos šalis, tokias kaip Jungtinė Karalystė, Prancūzija ir Vokietija.",http://www.tvarka.lt/lt/pirmininkas/naujienos/partijos-tvarka-ir-teisingumas-pirmininko-remigijaus-zemaitaicio-kalba-pasakyta-partijos-xvi-ame-kongrese,LT,Lithuania,443,Party Order and Justice,PTT ,http://files2.societly.com.s3-website.eu-central-1.amazonaws.com/0000/0000/0025/candidates/0000/0000/0443/atsisi%C5%B3sti-1554895812.png,Asylum-seekers should be distributed proportionally among European Union Member States,3
25.0,1129,Lietuvos Socialdemokratų partijos vizija 2014,"Saugi Lietuva taikioje Europoje, Lietuvos Socialdemokratų partijos vizija 2014",https://www.lsdp.lt/apie/programa/,LT,Lithuania,274,Social Democratic Party of Lithuania,LSDP,http://files2.societly.com.s3-website.eu-central-1.amazonaws.com/0000/0000/0025/candidates/0000/0000/0274/lsdp.logo-1554888259.jpg,Immigration into Lithuania should be made more restrictive,4
,1129,,,,LT,Lithuania,324,Electoral Action of Poles in Lithuania - Union of Christian Families,LLRA-KŠS,http://files2.societly.com.s3-website.eu-central-1.amazonaws.com/0000/0000/0025/candidates/0000/0000/0324/llra.logo-1554887964.png,Immigration into Lithuania should be made more restrictive,4
100.0,1129,TS-LKD planas Lietuvai (prioritetai iki 2021 m.),"Taip pat ginsime nuostatą, kad ES privalo stabdyti ekonominių migrantų srautą, visų pirma užtikrinant efektyvesnę išorinių sienų kontrolę bei mažinant finansines paskatas atvykti į ES. Savo ruožtu, parengsime Lietuvai skubų planą valdyti galimiems migrantų srautams per Šiaurės-Rytų išorinę ES sieną – tendencijos, kurios jau dabar yra pastebimos Suomijos ir Norvegijos pasieniuose su Rusija. Todėl ir pasisakome už efektyvios ES politikos, ginant išorines ES sienas, tiek pietuose, tiek ir rytuose, greitą parengimą ir įgyvendinimą. Pasinaudojant tokių šalių kaip Estija ar Latvija patirtimi, svarstysime galimybę pasienyje su Baltarusija ir Rusija įrengti fizinius užtvarus. Šie užtvarai potencialiai būtų naudingi ne tik migrantų krizės akivaizdoje, bet ir kovojant su kontrabandos srautais. ",http://senas.tsajunga.lt/wp-content/uploads/2014/04/TS-LKD-naujas-planas-Lietuvai-bendras-programinis-dokumentas.pdf,LT,Lithuania,360,Homeland Union – Lithuanian Christian Democrats,TS-LKD,http://files2.societly.com.s3-website.eu-central-1.amazonaws.com/0000/0000/0025/candidates/0000/0000/0360/ts-lkd.logo-1554887939.jpg,Immigration into Lithuania should be made more restrictive,4
25.0,1129,2016 m. Seimo rinkimų programa,"Liberalai pastebi, kad Lietuvos migracijos politika orientuojama tik į nacionalinį saugumą ir darbo rinkos apsaugą, tačiau nėra vystoma ekonominės migracijos politikos kryptis, visuomenei neteikiama objektyvi informacija apie galimą efektyvios ir kryptingos migracijos politikos teikiamą naudą valstybės raidai. Dėl šios priežasties Liberalų sąjūdis siūlo lanksčią ir darbo rinkos poreikius atitinkančią aukštos kvalifikacijos specialistų pritraukimo ir susigrąžinimo politiką. Mes norime pozicionuoti Lietuvą kaip vieną iš patraukliausių šalių talentams ir investicijoms. Tam reikia aiškiai reglamentuoti migracijos procedūras, teikti kokybiškas paslaugas darbo migrantams ir tinkamai šviesti visuomenę apie migracijos procesų naudą ekonomikai.",http://www.liberalai.lt/content/uploads/2016/06/20160818-PROGRAMA.pdf,LT,Lithuania,389,Liberals Movement of the Republic of Lithuania,LRLS,http://files2.societly.com.s3-website.eu-central-1.amazonaws.com/0000/0000/0025/candidates/0000/0000/0389/ls.logo-1554888007.jpg,Immigration into Lithuania should be made more restrictive,4
100.0,1129,Straipsnis 15 min.,"Darbo partijos taryba nusprendė (...) apsaugoti Lietuvą nuo nekviestų arba nelegalių imigrantų. Gal reikėtų daryti kaip amerikiečiai – įleisti su „žalia korta“. Į šalį turime įleisti tuos, kurie mums reikalingi, nededant bombos po valstybės pamatais.",https://www.15min.lt/naujiena/aktualu/lietuva/ka-nusprende-darbo-partija-56-591383,LT,Lithuania,434,The Labour Party,DP,http://files2.societly.com.s3-website.eu-central-1.amazonaws.com/0000/0000/0025/candidates/0000/0000/0434/darbo_partija_logo.svg-1554885098.png,Immigration into Lithuania should be made more restrictive,4
100.0,1129,Partijos lyderio pranešimas,"Deja, dauguma Vakarų Europos politikų kol kas nesupranta, kad rekomenduodami mažėjantį gyventojų skaičių kompensuoti kitataučiais, lietuvių, latvių ir kitas mažąsias ES tautas jie pasmerkia išnykimui. Tą pavojų būtina argumentuotai aiškinti ir kovoti už gyvybinius Lietuvos interesus, o mes tik nuolankiai priimame beveik viską, kas mums siūloma…",http://alkas.lt/2015/11/17/r-karbauskis-tragedija-vercianti-apsispresti/,LT,Lithuania,440,The Lithuanian Farmers and Greens Union,LVŽS,http://files2.societly.com.s3-website.eu-central-1.amazonaws.com/0000/0000/0025/candidates/0000/0000/0440/l%C5%BDvs.logo-1554888325.jpg,Immigration into Lithuania should be made more restrictive,4
100.0,1129,Partijos Tvarka ir teisingumas 2016 m. rinkimų į LR Seimą programa,"Pritarsime tik tokiai prieglobsčio sistemai, kuri prieglobsčio prašytojus apsimetėlius ir ekonominius migrantus išsiųs atgal. Lietuva padės tik tiems prieglobsčio prašytojams, kurie tikrai yra persekiojami. (...) Kiekvienas migrantas, kuris atsisako mokytis lietuvių kalbos, nepaiso šalies įstatymų arba neužsidirba pragyvenimui, privalės pats palikti Lietuvą",http://www.programa.tvarka.lt/TT_brosiura_preview.pdf,LT,Lithuania,443,Party Order and Justice,PTT ,http://files2.societly.com.s3-website.eu-central-1.amazonaws.com/0000/0000/0025/candidates/0000/0000/0443/atsisi%C5%B3sti-1554895812.png,Immigration into Lithuania should be made more restrictive,4
,1130,,,,LT,Lithuania,274,Social Democratic Party of Lithuania,LSDP,http://files2.societly.com.s3-website.eu-central-1.amazonaws.com/0000/0000/0025/candidates/0000/0000/0274/lsdp.logo-1554888259.jpg,Immigrants from outside Europe should be required to accept our culture and values,5
75.0,1130,2014 m. EP rinkimų programa,"Europai reikalingas grįžimas prie savo ištakų ir krikščioniškųjų šaknų. <…> Nauja, reformuota ES turėtų būti grindžiama <…> krikščioniškosios civilizacijos pamatų Europoje stiprinimu; <…> pagarba tradicijai, suverenitetui, demokratijai ir Europos tautų tapatybei; <…> bet kokio pobūdžio diskriminacijos draudimu, taip pat tautinių mažumų atžvilgiu, dėl kalbos, švietimo, kultūros ar religinių įsitikinimų.",https://www.vrk.lt/LLRA-programa,LT,Lithuania,324,Electoral Action of Poles in Lithuania - Union of Christian Families,LLRA-KŠS,http://files2.societly.com.s3-website.eu-central-1.amazonaws.com/0000/0000/0025/candidates/0000/0000/0324/llra.logo-1554887964.png,Immigrants from outside Europe should be required to accept our culture and values,5
50.0,1130,TS-LKD planas Lietuvai (prioritetai iki 2021 m.),"Formuodami ekonominės imigracijos ir talentų pritraukimo politiką, atsižvelgsime į klausimus susijusius su nacionaliniu saugumu ir darbo rinkos apsauga. Tačiau nykstančios visuomenės, žemo pragyvenimo lygio ir artimiausios ateities ekonominių iššūkių kontekste negalime likti pasauliniams talentams uždara valstybe. Skatinsime svetingumo, o ne priešiškumo kultūros sklaidą į Lietuvą darbo tikslais atvykstančių aukštos kvalifikacijos užsienio piliečių atžvilgiu. Imsimės visų reikalingų priemonių, kad talentingiausi žmonės būtų suinteresuoti dirbti Lietuvoje. ",http://senas.tsajunga.lt/wp-content/uploads/2014/04/TS-LKD-naujas-planas-Lietuvai-bendras-programinis-dokumentas.pdf,LT,Lithuania,360,Homeland Union – Lithuanian Christian Democrats,TS-LKD,http://files2.societly.com.s3-website.eu-central-1.amazonaws.com/0000/0000/0025/candidates/0000/0000/0360/ts-lkd.logo-1554887939.jpg,Immigrants from outside Europe should be required to accept our culture and values,5
25.0,1130,Liberalų manifestas,"Visuomenės turtas yra idėjų, požiūrių, tikėjimų, kultūrinės raiškos būdų įvairovė; ji privalo visomis išgalėmis šią įvairovę ginti ir laiduoti; ši įvairovė kyla iš skirtingų savo kilme, rase, tikėjimu, seksualine orientacija individų – šios visuomenės piliečių, turinčių lygias teises ir galimybes visoje Lietuvos teritorijoje, o ne tik sostinėje ar jos didžiuosiuose miestuose.",http://www.liberalai.lt/liberalu-manifestas/,LT,Lithuania,389,Liberals Movement of the Republic of Lithuania,LRLS,http://files2.societly.com.s3-website.eu-central-1.amazonaws.com/0000/0000/0025/candidates/0000/0000/0389/ls.logo-1554888007.jpg,Immigrants from outside Europe should be required to accept our culture and values,5
,1130,,,,LT,Lithuania,434,The Labour Party,DP,http://files2.societly.com.s3-website.eu-central-1.amazonaws.com/0000/0000/0025/candidates/0000/0000/0434/darbo_partija_logo.svg-1554885098.png,Immigrants from outside Europe should be required to accept our culture and values,5
,1130,,,,LT,Lithuania,440,The Lithuanian Farmers and Greens Union,LVŽS,http://files2.societly.com.s3-website.eu-central-1.amazonaws.com/0000/0000/0025/candidates/0000/0000/0440/l%C5%BDvs.logo-1554888325.jpg,Immigrants from outside Europe should be required to accept our culture and values,5
100.0,1130,Partijos Tvarka ir teisingumas 2016 m. rinkimų į LR Seimą programa,"Atvykusių imigrantų reikalausime viešumoje laikytis visų šalies įstatymų, vietos taisyklių, praktikos ir papročių.",http://www.programa.tvarka.lt/TT_brosiura_preview.pdf,LT,Lithuania,443,Party Order and Justice,PTT ,http://files2.societly.com.s3-website.eu-central-1.amazonaws.com/0000/0000/0025/candidates/0000/0000/0443/atsisi%C5%B3sti-1554895812.png,Immigrants from outside Europe should be required to accept our culture and values,5
75.0,1131,Lietuvos Socialdemokratų partijos vizija 2014,"LGBT asmenų diskriminacijos stabdymas, Lietuvos Socialdemokratų partijos vizija 2014",https://www.lsdp.lt/apie/programa/,LT,Lithuania,274,Social Democratic Party of Lithuania,LSDP,http://files2.societly.com.s3-website.eu-central-1.amazonaws.com/0000/0000/0025/candidates/0000/0000/0274/lsdp.logo-1554888259.jpg,The legalisation of same sex marriages is a good thing,6
0.0,1131,2014 m. EP rinkimų programa,"Taigi, Europai reikalingas grįžimas prie savo ištakų ir krikščioniškųjų šaknų. <…> Nauja, reformuota ES turėtų būti grindžiama keliomis, svarbiomis tėvynių Europos atžvilgiu, nuostatomis: krikščioniškosios civilizacijos pamatų Europoje stiprinimu, įskaitant pagarbą žmogaus gyvybei nuo prasidėjimo iki natūralios mirties; <…> pripažįstant šeimą, suprantamą kaip moters ir vyro sąjungą, pagrindiniu visuomenės vienetu, pripažįstant gyvybės šventumą ir priešinantis grynai materialistinei žmogaus sampratai.",https://www.vrk.lt/LLRA-programa,LT,Lithuania,324,Electoral Action of Poles in Lithuania - Union of Christian Families,LLRA-KŠS,http://files2.societly.com.s3-website.eu-central-1.amazonaws.com/0000/0000/0025/candidates/0000/0000/0324/llra.logo-1554887964.png,The legalisation of same sex marriages is a good thing,6
0.0,1131,Politinė deklaracija,"Opoziciniai Tėvynės sąjunga-Lietuvos krikščionys demokratai (TS-LKD) nepasirašys socialdemokratų siūlomo partijų susitarimo dėl žmogaus teisių. Pasak konservatorių pranešimo, siūlomas dokumentas prieštarauja pamatinėms TS-LKD vertybėms, nes jame būtų pabrėžiama moters teisė į abortą, leidžiama eutanazija ir homoseksualios santuokos. Seimo opozicijos lyderis, konservatorių seniūnas Andrius Kubilius sako, kad susitarimo projektas arba „verčia suabejoti socialdemokratų politine nuovoka, arba nuoširdžiai nusistebėti jų politiniu įžūlumu“.",https://www.lzinios.lt/lietuva/konservatoriai-nepasirasys-socialdemokratu-siulomo-susitarimo-del-zmogaus-teisiu/202618,LT,Lithuania,360,Homeland Union – Lithuanian Christian Democrats,TS-LKD,http://files2.societly.com.s3-website.eu-central-1.amazonaws.com/0000/0000/0025/candidates/0000/0000/0360/ts-lkd.logo-1554887939.jpg,The legalisation of same sex marriages is a good thing,6
100.0,1131,2016 m. Seimo rinkimų programa,"Šeima, pirmiausia, dviejų žmonių pasitikėjimu, prieraišumu, jausmais, atsakomybe grįsti santykiai, taip pat bendras ūkis, turtiniai santykiai. Kiekviena tokiu pagrindu sudaryta šeima yra vertybė ir joje gyvenantys asmenys turi jaustis saugūs, o valstybės uždavinys – tokią apsaugą (ypač teisinę) suteikti. Liberalų sąjūdis teigia, kad valstybė negali nurodinėti, kokia šeima teisinga, o kuri ne – tokiu būdu būtų pažeidžiamas nediskriminavimo principas, įtvirtintas Lietuvos įstatymuose bei tarptautinėse sutartyse. <…> Įteisinsime lyčiai neutralios partnerystės teisinius santykius.",http://www.liberalai.lt/content/uploads/2016/06/20160818-PROGRAMA.pdf,LT,Lithuania,389,Liberals Movement of the Republic of Lithuania,LRLS,http://files2.societly.com.s3-website.eu-central-1.amazonaws.com/0000/0000/0025/candidates/0000/0000/0389/ls.logo-1554888007.jpg,The legalisation of same sex marriages is a good thing,6
0.0,1131,1. BNS informacija 2. Darbo partijos 2014 m.  rinkimų į Europos parlamentą trumpoji programa ,"1. Darbo partijos lyderis Viktoras Uspaskichas kalbėjo, kad negalima leisti propaguoti vienos lyties santykių. 2. Mes pasisakome už: (...) – tradicinės šeimos puoselėjimą ir vertybes. Už vaiko teisę turėti tėvą ir motiną. Už šeimos saugumą visomis prasmėmis: finansine, socialine, kultūrine ir kitomis",1. https://www.delfi.lt/news/daily/lithuania/is-didziuju-partiju-uz-geju-partnerystes-iteisinima-pasisako-tik-liberalu-sajudis.d?id=59386573 2. https://www.vrk.lt/2019-europos-parlamento ,LT,Lithuania,434,The Labour Party,DP,http://files2.societly.com.s3-website.eu-central-1.amazonaws.com/0000/0000/0025/candidates/0000/0000/0434/darbo_partija_logo.svg-1554885098.png,The legalisation of same sex marriages is a good thing,6
0.0,1131,Lietuvos valstiečių ir žaliųjų sąjungos 2016 m. LR Seimo rinkimų programa,"Mes pasisakome už ilgalaikių ir tvarių, t. y. santuoka ir giminystės ryšiais pagrįstų, šeimos santykių skatinimą. Vyro bei moters santuoka, giminystės, tėvystės ir motinystės ryšiais grįstos šeimos sąvokos įtvirtinimas Konstitucijoje yra vienas iš esminių žingsnių, kuriais bus siekiama nuosekliai kurti šeimai palankią aplinką",http://darnilietuva.lt/,LT,Lithuania,440,The Lithuanian Farmers and Greens Union,LVŽS,http://files2.societly.com.s3-website.eu-central-1.amazonaws.com/0000/0000/0025/candidates/0000/0000/0440/l%C5%BDvs.logo-1554888325.jpg,The legalisation of same sex marriages is a good thing,6
0.0,1131,Partijos Tvarka ir teisingumas 2014 m. rinkimų į Europos Parlamentą programa,"uropos Sąjungos teisės aktuose įtvirtinsime, kad šeima yra vieno vyro ir vienos moters sąjunga.",https://www.vrk.lt/TT-programa,LT,Lithuania,443,Party Order and Justice,PTT ,http://files2.societly.com.s3-website.eu-central-1.amazonaws.com/0000/0000/0025/candidates/0000/0000/0443/atsisi%C5%B3sti-1554895812.png,The legalisation of same sex marriages is a good thing,6
,1132,,,,LT,Lithuania,274,Social Democratic Party of Lithuania,LSDP,http://files2.societly.com.s3-website.eu-central-1.amazonaws.com/0000/0000/0025/candidates/0000/0000/0274/lsdp.logo-1554888259.jpg,The legalisation of the personal use of soft drugs is to be welcomed,7
,1132,,,,LT,Lithuania,324,Electoral Action of Poles in Lithuania - Union of Christian Families,LLRA-KŠS,http://files2.societly.com.s3-website.eu-central-1.amazonaws.com/0000/0000/0025/candidates/0000/0000/0324/llra.logo-1554887964.png,The legalisation of the personal use of soft drugs is to be welcomed,7
0.0,1132,TS-LKD planas Lietuvai (prioritetai iki 2021 m.),Toliau griežtai ir ryžtingai kovosime su alkoholizmu ir narkomanija.,http://senas.tsajunga.lt/wp-content/uploads/2014/04/TS-LKD-naujas-planas-Lietuvai-bendras-programinis-dokumentas.pdf,LT,Lithuania,360,Homeland Union – Lithuanian Christian Democrats,TS-LKD,http://files2.societly.com.s3-website.eu-central-1.amazonaws.com/0000/0000/0025/candidates/0000/0000/0360/ts-lkd.logo-1554887939.jpg,The legalisation of the personal use of soft drugs is to be welcomed,7
25.0,1132,Seimo frakcijos politinė pozicija,"Akivaizdu, kad nedidelio kiekio narkotinių ir psichotropinių medžiagų įgijimas nenustačius platinimo tikslo yra skirtas asmeniniam vartojimui, kas daro tiesioginę žalą asmens, nusprendusio vartoti psichoaktyvias medžiagas, sveikatai, o netiesiogiai kelia grėsmę ir visai visuomenei <…> Draudžiamų medžiagų vartojimas ir su tuo susiję veikos neturėtų būti toleruojamos, tačiau akivaizdu, kad sprendžiant vartojimo žalos asmeniui ir visuomenei problemas, egzistuoja veiksmingos mokslu pagrįstos ir aprobuotos į asmens ir visuomenės sveikatą orientuotos priemonės, todėl baudžiamosios teisės taikymas yra perteklinis. Baudžiamoji teisė, vadovaujantis ultima ratio principu turi būti taikoma tik tada, kai išbandytos visos teisinėje sistemoje esamos galimybės ir matoma, kad jos yra neveiksmingos. ",https://www.google.com/url?sa=t&rct=j&q=&esrc=s&source=web&cd=1&ved=2ahUKEwiCran22MLhAhUxxKYKHQnRCFEQFjAAegQIAxAC&url=https%3A%2F%2Fe-seimas.lrs.lt%2Frs%2Flegalact%2FTAK%2Fe3304ac0d0f411e782d4fd2c44cc67af%2Fformat%2FISO_PDF%2F&usg=AOvVaw1WdrN9X0LEEgWaMyTW31NZ,LT,Lithuania,389,Liberals Movement of the Republic of Lithuania,LRLS,http://files2.societly.com.s3-website.eu-central-1.amazonaws.com/0000/0000/0025/candidates/0000/0000/0389/ls.logo-1554888007.jpg,The legalisation of the personal use of soft drugs is to be welcomed,7
0.0,1132,Darbo partijos pranešimas,"Seimo Sveikatos reikalų komiteto pirmininkė, Seimo Darbo partijos frakcijos narė Dangutė Mikutienė ir komiteto pirmininko pavaduotojas užregistravo Alkoholio kontrolės įstatymo ir Administracinių nusižengimų kodekso pakeitimų projektus, kuriais siūloma numatyti, kad pasilinksminimų vietų (naktinių klubų, restoranų, kavinių ir kt.), kuriose prekiaujama alkoholiniais gėrimais, vadovai turi vykdyti stebėseną, siekdami, kad jų valdomoje prekybos alkoholiniais gėrimais vietoje nebūtų prekiaujama narkotinėmis ir psichotropinėmis medžiagomis ir jos nebūtų platinamos, vartojamos. Pastebėję arba įtarę, kad jų valdomoje prekybos alkoholiniais gėrimais vietoje vartojama ar prekiaujama narkotinėmis ir psichotropinėmis medžiagomis, vadovai ar jų įgalioti asmenys privalo nedelsdami pranešti apie tai policijai.",https://www.darbopartija.lt/naujienos/partijos-naujienos/d.-mikutiene-butina-imtis-visu-priemoniu-sustabdyti-narkotiku-vartojima-nak-19885/,LT,Lithuania,434,The Labour Party,DP,http://files2.societly.com.s3-website.eu-central-1.amazonaws.com/0000/0000/0025/candidates/0000/0000/0434/darbo_partija_logo.svg-1554885098.png,The legalisation of the personal use of soft drugs is to be welcomed,7
0.0,1132,BNS informacija,"Valdančios Lietuvos valstiečių ir žaliųjų sąjungos pirmininkas Ramūnas Karbauskis antradienį pareiškė nepritariantis opozicinių liberalų siūlymui švelninti atsakomybę už lengvųjų narkotikų vartojimą ir platinimą nedideliais kiekiais. R. Karbauskis teigė, jog politikai neturi parodyti, jog narkotikų vartojimas nėra problema ir tvirtino, kad jie yra „vienas iš pavojingiausių dalykų mūsų jaunajai kartai“. „Narkotikai yra dalykas, mano nuomone, netoleruotinas visiškai“, – kalbėjo parlamentaras.",http://kauno.diena.lt/naujienos/lietuva/politika/r-karbauskis-nepritaria-liberalu-siulymui-del-lengvuju-narkotiku-836456,LT,Lithuania,440,The Lithuanian Farmers and Greens Union,LVŽS,http://files2.societly.com.s3-website.eu-central-1.amazonaws.com/0000/0000/0025/candidates/0000/0000/0440/l%C5%BDvs.logo-1554888325.jpg,The legalisation of the personal use of soft drugs is to be welcomed,7
,1132,,,,LT,Lithuania,443,Party Order and Justice,PTT ,http://files2.societly.com.s3-website.eu-central-1.amazonaws.com/0000/0000/0025/candidates/0000/0000/0443/atsisi%C5%B3sti-1554895812.png,The legalisation of the personal use of soft drugs is to be welcomed,7
,1133,,,,LT,Lithuania,274,Social Democratic Party of Lithuania,LSDP,http://files2.societly.com.s3-website.eu-central-1.amazonaws.com/0000/0000/0025/candidates/0000/0000/0274/lsdp.logo-1554888259.jpg,Euthanasia should be legalised,8
0.0,1133,2014 m. EP rinkimų programa,"Nauja, reformuota ES turėtų būti grindžiama keliomis, svarbiomis tėvynių Europos atžvilgiu, nuostatomis: <…> krikščioniškosios civilizacijos pamatų Europoje stiprinimu, įskaitant pagarbą žmogaus gyvybei nuo prasidėjimo iki natūralios mirties.",https://www.vrk.lt/LLRA-programa,LT,Lithuania,324,Electoral Action of Poles in Lithuania - Union of Christian Families,LLRA-KŠS,http://files2.societly.com.s3-website.eu-central-1.amazonaws.com/0000/0000/0025/candidates/0000/0000/0324/llra.logo-1554887964.png,Euthanasia should be legalised,8
0.0,1133,Politinė deklaracija,"Opoziciniai Tėvynės sąjunga-Lietuvos krikščionys demokratai (TS-LKD) nepasirašys socialdemokratų siūlomo partijų susitarimo dėl žmogaus teisių. Pasak konservatorių pranešimo, siūlomas dokumentas prieštarauja pamatinėms TS-LKD vertybėms, nes jame būtų pabrėžiama moters teisė į abortą, leidžiama eutanazija ir homoseksualios santuokos. Seimo opozicijos lyderis, konservatorių seniūnas Andrius Kubilius sako, kad susitarimo projektas arba „verčia suabejoti socialdemokratų politine nuovoka, arba nuoširdžiai nusistebėti jų politiniu įžūlumu“.",https://www.lzinios.lt/lietuva/konservatoriai-nepasirasys-socialdemokratu-siulomo-susitarimo-del-zmogaus-teisiu/202618,LT,Lithuania,360,Homeland Union – Lithuanian Christian Democrats,TS-LKD,http://files2.societly.com.s3-website.eu-central-1.amazonaws.com/0000/0000/0025/candidates/0000/0000/0360/ts-lkd.logo-1554887939.jpg,Euthanasia should be legalised,8
,1133,Partijos informacinis pranešimas,Po pranešimų pristatysime Lietuvoje vykusį eutanazijos svarstymą ir kviesime diskusijai: kokia turėtų būti liberalų pozicija žmogaus gyvenimo pabaigos klausimu? Kas eina pirmiau – valstybės saugoma teisė į gyvybę ar žmogaus teisė apsispręsti ir nebetęsti kančių?,http://www.liberalai.lt/skyriaus-naujiena/kokia-turetu-buti-liberalu-pozicija-zmogaus-gyvenimo-pabaigos-klausimu/,LT,Lithuania,389,Liberals Movement of the Republic of Lithuania,LRLS,http://files2.societly.com.s3-website.eu-central-1.amazonaws.com/0000/0000/0025/candidates/0000/0000/0389/ls.logo-1554888007.jpg,Euthanasia should be legalised,8
0.0,1133,"VD, BNS informacija ","Kovą už Sveikatos reikalų komiteto siūlymą išbraukti eutanazijos įstatymo projektą balsavo 75 Seimo nariai, prieš buvo 9, susilaikė 14 parlamentarų. Vieningai už išbraukimą balsavo Mišri Seimo narių grupė, didžioji dalis konservatorių, Tvarkos ir teisingumo, Darbo partijos atstovų.",http://www.diena.lt/naujienos/lietuva/salies-pulsas/nerimsta-del-eutanazijos-544341,LT,Lithuania,434,The Labour Party,DP,http://files2.societly.com.s3-website.eu-central-1.amazonaws.com/0000/0000/0025/candidates/0000/0000/0434/darbo_partija_logo.svg-1554885098.png,Euthanasia should be legalised,8
,1133,,,,LT,Lithuania,440,The Lithuanian Farmers and Greens Union,LVŽS,http://files2.societly.com.s3-website.eu-central-1.amazonaws.com/0000/0000/0025/candidates/0000/0000/0440/l%C5%BDvs.logo-1554888325.jpg,Euthanasia should be legalised,8
0.0,1133,"VD, BNS informacija ","Už Sveikatos reikalų komiteto siūlymą išbraukti eutanazijos įstatymo projektą balsavo 75 Seimo nariai, prieš buvo 9, susilaikė 14 parlamentarų. Vieningai už išbraukimą balsavo Mišri Seimo narių grupė, didžioji dalis konservatorių, Tvarkos ir teisingumo, Darbo partijos atstovų.",http://www.diena.lt/naujienos/lietuva/salies-pulsas/nerimsta-del-eutanazijos-544341,LT,Lithuania,443,Party Order and Justice,PTT ,http://files2.societly.com.s3-website.eu-central-1.amazonaws.com/0000/0000/0025/candidates/0000/0000/0443/atsisi%C5%B3sti-1554895812.png,Euthanasia should be legalised,8
,1134,,,,LT,Lithuania,274,Social Democratic Party of Lithuania,LSDP,http://files2.societly.com.s3-website.eu-central-1.amazonaws.com/0000/0000/0025/candidates/0000/0000/0274/lsdp.logo-1554888259.jpg,Government spending should be reduced in order to lower taxes,9
50.0,1134,2012 m. Seimo rinkimų programa,"Dabartinė vyriausybė, didindama mokesčius ir naikindama visas mokesčių lengvatas, tuo dar kartą pabrėžė, kad neturi jokios šalies bei jos ekonomikos plėtros vizijos ir prioritetų. Manome, kad valstybės ekonomikoje turi būti bent keletas prioritetų, kurie turėtų būti skatinami mokesčių diferencijavimu.",http://www.awpl.lt/?page_id=60&lang=lt,LT,Lithuania,324,Electoral Action of Poles in Lithuania - Union of Christian Families,LLRA-KŠS,http://files2.societly.com.s3-website.eu-central-1.amazonaws.com/0000/0000/0025/candidates/0000/0000/0324/llra.logo-1554887964.png,Government spending should be reduced in order to lower taxes,9
0.0,1134,TS-LKD planas Lietuvai (prioritetai iki 2021 m.),"Manome, kad Lietuvai nereikėtų orientuotis į didžiausius ES mastu perskirstymo mastus, nes jie nebūtinai tvarūs, o norint juos padaryti tvariais visuomenė turi tikėti didelio perskirstymo nauda, tad ir būti pasirengusi mokėti aukštus mokesčius. Tačiau matome esant tikslinga, kad Lietuvos perskirstymo lygis ilgainiui pasiektų apie 40 proc. BVP. <…> Ambicija pasiekti adekvatesnį Europos šalių kontekste perskirstymą negali būti įgyvendinta esant dabartiniam valstybės pajamų iš mokesčių santykiui su BVP. Jis tam šiandien yra tiesiog per mažas – Lietuva pagal mokesčių santykį su BVP su 28 procentais yra ES valstybių gale (vidurkis – beveik 40 procentų). Palyginimui, Estijos mokesčių įplaukų santykis su BVP siekia 32 procentus – maždaug 4 procetiniais punktais daugiau nei Lietuvoje. Iki Estijos lygio siektume ilgainiui padidinti ir Lietuvos mokesčių/BVP santykį.",http://senas.tsajunga.lt/wp-content/uploads/2014/04/TS-LKD-naujas-planas-Lietuvai-bendras-programinis-dokumentas.pdf,LT,Lithuania,360,Homeland Union – Lithuanian Christian Democrats,TS-LKD,http://files2.societly.com.s3-website.eu-central-1.amazonaws.com/0000/0000/0025/candidates/0000/0000/0360/ts-lkd.logo-1554887939.jpg,Government spending should be reduced in order to lower taxes,9
100.0,1134,2016 m. Seimo rinkimų programa,"Lietuvos mokesčių mokėtojų pečius slegia didžiulė darbo mokesčių našta. Darbo apmokestinimas Lietuvoje siekia apie 40 proc. ir tai yra gerokai daugiau nei išsivysčiusių valstybių (EBPO) vidurkis. Įmonių savininkų pajamos iš jų turimų įmonių veiklos apmokestinamos net kelis kartus: 15 proc. pelno mokesčiu, 15 proc. gyventojų pajamų mokesčiu dividendams, kartu sudėjus gauname apie 30 procentus. Vartojimo mokesčiai taip pat didesni – net 11 ES valstybių narių galioja mažesnis standartinis pridėtinės vertės mokesčio (PVM) tarifas nei Lietuvoje, be to, taikomos įvairios lengvatos, kurios leidžia prekes ir paslaugas vartotojams įsigyti dar pigiau. Todėl Liberalų sąjūdis siūlo visą priemonių kompleksą, kuris padės turėti daugiau pinigų žmogui ir šeimai. <…> Mažinsime darbuotojų apmokestinimą <…>. Sumažinsime PVM tarifą nuo 21 iki 18 proc. <…> Neapmokestinsime investicijų <…>. Naikinsime brangius ir perteklinius mokesčius <…>. Mažinsime akcizo mokesčius benzinui ir dujoms <…>. Nepritarsime automobilių ir nekilnojamo turto mokesčių gyventojams įvedimui. <…> Mažinsime smulkaus verslo sąnaudas mokesčiams.",http://www.liberalai.lt/content/uploads/2016/06/20160818-PROGRAMA.pdf,LT,Lithuania,389,Liberals Movement of the Republic of Lithuania,LRLS,http://files2.societly.com.s3-website.eu-central-1.amazonaws.com/0000/0000/0025/candidates/0000/0000/0389/ls.logo-1554888007.jpg,Government spending should be reduced in order to lower taxes,9
75.0,1134,1. Darbo partijos programa 2. Darbo partijos lyderio pranešimas,"1. Partijos dokumentuose pasisakoma:  Efektyvinti valdymą, mažinti valstybės tarnautojų skaičių ir valdymo išlaidas. (...) Mažinti dabar esančių mokesčių skaičių ir jų naštą, didinti mokėtojų skaičių, skatinant naujų įmonių kūrimąsi. 2. Premjeras Andrius Kubilius antradienį pranešė, kad planuojami sumažinti politikų bei valdininkų atlyginimai šiemet valstybės biudžetui padėtų sutaupyti daugiau nei 0,5 mlrd. litų. (...) Išklausęs Vyriausybės planus dėl biudžeto peržiūrėjimo, Darbo partijos vadovas Viktoras Uspaskichas antradienį sakė neprieštaraująs išlaidų ir atlyginimų mažinimui, bet ragino daugiau dėmesio skirti ūkio gaivinimui ir mažinti mokesčius prekėms, kurias dabar pakeičia importuojama produkcija.",1. https://www.darbopartija.lt/apie/ 2. https://www.uspaskich.eu/naujienos/darbieciai-ragina-mazinti-ne-tik-islaidas-bet-ir-mokescius/,LT,Lithuania,434,The Labour Party,DP,http://files2.societly.com.s3-website.eu-central-1.amazonaws.com/0000/0000/0025/candidates/0000/0000/0434/darbo_partija_logo.svg-1554885098.png,Government spending should be reduced in order to lower taxes,9
,1134,,,,LT,Lithuania,440,The Lithuanian Farmers and Greens Union,LVŽS,http://files2.societly.com.s3-website.eu-central-1.amazonaws.com/0000/0000/0025/candidates/0000/0000/0440/l%C5%BDvs.logo-1554888325.jpg,Government spending should be reduced in order to lower taxes,9
,1134,,,,LT,Lithuania,443,Party Order and Justice,PTT ,http://files2.societly.com.s3-website.eu-central-1.amazonaws.com/0000/0000/0025/candidates/0000/0000/0443/atsisi%C5%B3sti-1554895812.png,Government spending should be reduced in order to lower taxes,9
,1135,,,,LT,Lithuania,274,Social Democratic Party of Lithuania,LSDP,http://files2.societly.com.s3-website.eu-central-1.amazonaws.com/0000/0000/0025/candidates/0000/0000/0274/lsdp.logo-1554888259.jpg,The EU should acquire its own tax raising powers,10
25.0,1135,2014 m. EP rinkimų programa,"Tik suverenios valstybės, bendradarbiaujančios tarpusavyje, gali tapti Senojo žemyno politine jėga. Nauja, reformuota ES turėtų būti grindžiama keliomis, svarbiomis tėvynių Europos atžvilgiu, nuostatomis: <…> pagarba tradicijai, suverenitetui, demokratijai ir Europos tautų tapatybei;",https://www.vrk.lt/LLRA-programa,LT,Lithuania,324,Electoral Action of Poles in Lithuania - Union of Christian Families,LLRA-KŠS,http://files2.societly.com.s3-website.eu-central-1.amazonaws.com/0000/0000/0025/candidates/0000/0000/0324/llra.logo-1554887964.png,The EU should acquire its own tax raising powers,10
,1135,,,,LT,Lithuania,360,Homeland Union – Lithuanian Christian Democrats,TS-LKD,http://files2.societly.com.s3-website.eu-central-1.amazonaws.com/0000/0000/0025/candidates/0000/0000/0360/ts-lkd.logo-1554887939.jpg,The EU should acquire its own tax raising powers,10
25.0,1135,2014 m. EP rinkimų programa,Nepritariame naujų mokesčių įvedimui ES lygiu.,https://www.vrk.lt/llrs-programa,LT,Lithuania,389,Liberals Movement of the Republic of Lithuania,LRLS,http://files2.societly.com.s3-website.eu-central-1.amazonaws.com/0000/0000/0025/candidates/0000/0000/0389/ls.logo-1554888007.jpg,The EU should acquire its own tax raising powers,10
,1135,,,,LT,Lithuania,434,The Labour Party,DP,http://files2.societly.com.s3-website.eu-central-1.amazonaws.com/0000/0000/0025/candidates/0000/0000/0434/darbo_partija_logo.svg-1554885098.png,The EU should acquire its own tax raising powers,10
0.0,1135,Lietuvos valstiečių liaudininkų (dabar - Lietuvos valstiečių ir žaliųjų) sąjungos 2009 m. rinkimų į Europos Parlamentą  programa,"Gerbdami ES steigimo sutartyje numatytas nuostatas bei įtvirtintą subsidiarumo principą, pasisakome už nacionalines socialinės apsaugos, mokesčių, sveikatos apsaugos bei užsienio politikas.",https://www.lvzs.lt/lt/index.php?option=com_content&view=article&id=339&Itemid=68#.Xkupzyj,LT,Lithuania,440,The Lithuanian Farmers and Greens Union,LVŽS,http://files2.societly.com.s3-website.eu-central-1.amazonaws.com/0000/0000/0025/candidates/0000/0000/0440/l%C5%BDvs.logo-1554888325.jpg,The EU should acquire its own tax raising powers,10
25.0,1135,Partijos Tvarka ir teisingumas 2014 m. rinkimų į Europos Parlamentą programa,"Lietuvos valstybingumo raidos ir jos geopolitinio saugumo garantas – stiprių, savarankiškų, suverenių nacionalinių valstybių sandrauga – Europos Sąjunga",https://www.vrk.lt/TT-programa,LT,Lithuania,443,Party Order and Justice,PTT ,http://files2.societly.com.s3-website.eu-central-1.amazonaws.com/0000/0000/0025/candidates/0000/0000/0443/atsisi%C5%B3sti-1554895812.png,The EU should acquire its own tax raising powers,10
75.0,1136,Lietuvos Socialdemokratų partijos vizija 2014,"Gerovės valstybė: link sėkmingos visuomenės, Lietuvos Socialdemokratų partijos vizija 2014",https://www.lsdp.lt/apie/programa/,LT,Lithuania,274,Social Democratic Party of Lithuania,LSDP,http://files2.societly.com.s3-website.eu-central-1.amazonaws.com/0000/0000/0025/candidates/0000/0000/0274/lsdp.logo-1554888259.jpg,Bank and stock market gains should be taxed more heavily,11
100.0,1136,2012 m. Seimo rinkimų programa,"Aišku, kad pasiekti tokį minimalių atlyginimų ir pensijų lygį, reikalingos papildomos įplaukos į biudžetą. Vienas iš būdų jas gauti yra apmokestinti daugiausia pinigų uždirbančią mūsų šalies struktūrą – bankus. Taigi būtina įvesti banko mokestį. Ekonominės krizės laikais, kurios padarinius stipriai jaučiame ir Lietuvoje, kova su krize reikalauja teisingo finansinės naštos paskirstymo. Krizės įveikimo našta neturi atitekti vien tik paprastiems mokesčių mokėtojams, nes tai gali sukelti nepataisomą dalies gyventojų nuskurdinimą. Statistika rodo, jog bankų ir finansų sistemos krizės buvo paveiktos mažiausiai. Vadovaujantis solidarumo principu bankai privalo aktyviai dalyvauti viešųjų finansų gelbėjime. Bankų apmokestinimo idėja gali išgelbėti valstybės biudžetą. Toks sprendimas buvo sėkmingai pritaikytas kai kuriose Europos šalyse, pvz., Jungtinėje Karalystėje, Slovakijoje, Kipre. Priklausomai nuo valstybės, egzistuoja įvairūs banko mokesčio atskaitymo būdai. Tikriausiai mažiausiai skausmingas klientams yra banko pajamų apmokestinimas tam tikrais mokesčių metais.",http://www.awpl.lt/?page_id=60&lang=lt,LT,Lithuania,324,Electoral Action of Poles in Lithuania - Union of Christian Families,LLRA-KŠS,http://files2.societly.com.s3-website.eu-central-1.amazonaws.com/0000/0000/0025/candidates/0000/0000/0324/llra.logo-1554887964.png,Bank and stock market gains should be taxed more heavily,11
,1136,,,,LT,Lithuania,360,Homeland Union – Lithuanian Christian Democrats,TS-LKD,http://files2.societly.com.s3-website.eu-central-1.amazonaws.com/0000/0000/0025/candidates/0000/0000/0360/ts-lkd.logo-1554887939.jpg,Bank and stock market gains should be taxed more heavily,11
,1136,,,,LT,Lithuania,389,Liberals Movement of the Republic of Lithuania,LRLS,http://files2.societly.com.s3-website.eu-central-1.amazonaws.com/0000/0000/0025/candidates/0000/0000/0389/ls.logo-1554888007.jpg,Bank and stock market gains should be taxed more heavily,11
100.0,1136,Straipsnis Verslo žiniose,Originalus darbiečių siūlymas – peržiūrėti bankų pelno apmokestinimą ir taip į biudžetą pritraukti daugiau lėšų.,https://www.vz.lt/archive/article/2013/5/29/darbieciai-forsuoja-pvm-lengvatu-banku-pelno-klausima,LT,Lithuania,434,The Labour Party,DP,http://files2.societly.com.s3-website.eu-central-1.amazonaws.com/0000/0000/0025/candidates/0000/0000/0434/darbo_partija_logo.svg-1554885098.png,Bank and stock market gains should be taxed more heavily,11
,1136,,,,LT,Lithuania,440,The Lithuanian Farmers and Greens Union,LVŽS,http://files2.societly.com.s3-website.eu-central-1.amazonaws.com/0000/0000/0025/candidates/0000/0000/0440/l%C5%BDvs.logo-1554888325.jpg,Bank and stock market gains should be taxed more heavily,11
100.0,1136,Partijos Tvarka ir teisingumas 2016 m. rinkimų į LR Seimą programa,Įvesime iki 5 procentų apyvartos dydžio solidarumo mokestį daugiau kaip 100 milijonų eurų per metus apyvartą turintiems mažmeninės prekybos centrams ir komerciniams bankams. ,http://www.programa.tvarka.lt/TT_brosiura_preview.pdf ,LT,Lithuania,443,Party Order and Justice,PTT ,http://files2.societly.com.s3-website.eu-central-1.amazonaws.com/0000/0000/0025/candidates/0000/0000/0443/atsisi%C5%B3sti-1554895812.png,Bank and stock market gains should be taxed more heavily,11
75.0,1137,Lietuvos Socialdemokratų partijos vizija 2014," Darni plėtra: energijos, transporto ir miestų ekologijos sprendimai, Lietuvos Socialdemokratų partijos vizija 2014",https://www.lsdp.lt/apie/programa/,LT,Lithuania,274,Social Democratic Party of Lithuania,LSDP,http://files2.societly.com.s3-website.eu-central-1.amazonaws.com/0000/0000/0025/candidates/0000/0000/0274/lsdp.logo-1554888259.jpg,The promotion of public transport should be fostered through green taxes (e.g. road taxing),12
25.0,1137,2012 m. Seimo rinkimų programa,"Transporto sistemoje taipogi svarbu išsaugoti savivaldybių viešąjį transportą. Šiandien dauguma savivaldybių savarankiškai nesusitvarko su šia, reikia pripažinti, valstybine problema. Norint gelbėti šią pakankamai efektyviai iki šiol veikusią sistemą, būtini yra skubūs valdžios žingsniai – PVM mažinimas viešajam transportui bei ES fondų pritraukimas viešojo transporto modernizavimui. Kalbant apie transporto veiklą neįmanoma neprisiminti mūsų didžiausio skausmo – savivaldybių kelių ir vietinių privažiavimų būklės. Todėl tiesiog yra privaloma nuo 20 proc. iki bent jau 30 proc. didinti bendrą sumą, skiriamą kelių finansavimui. Taipogi reikėtų iš dalies pakeisti pinigų skyrimo tam tikroms savivaldybėms kriterijus, papildant juos eismo intensyvumu. Tai svarbus kriterijus, kadangi yra pastebimi dideli eismo intensyvumo skirtumai tam tikrose vietovėse. Iki šiol į tai nebuvo atsižvelgiama <...>. Privalome dirbti šiomis kryptimis: vystyti oro uostus, plėsti esamą uostą ar statyti naują, užbaigti tranzitines jungtis VIA BALTICA ir RAIL BALTICA. Siūlant transporto sistemą pripažinti prioritetine ūkio šaka, privalome rimtai susimąstyti dėl akcizų degalams mažinimo: dėl to sumažėtų kainos degalinėse, padidėtų transporto srautai, tuo pačiu didėtų įplaukos nuo kuro pardavimo.",http://www.awpl.lt/?page_id=60&lang=lt,LT,Lithuania,324,Electoral Action of Poles in Lithuania - Union of Christian Families,LLRA-KŠS,http://files2.societly.com.s3-website.eu-central-1.amazonaws.com/0000/0000/0025/candidates/0000/0000/0324/llra.logo-1554887964.png,The promotion of public transport should be fostered through green taxes (e.g. road taxing),12
,1137,TS-LKD planas Lietuvai (prioritetai iki 2021 m.),"Žalieji mokesčiai nenumatyti prie aplinkos apsaugos prioritetų, kalbant apie transportą, nekalbama apie tausojimą (""Pagrindiniai mūsų įsipareigojimai aplinkos apsaugos srityje: 1) Skirsime daugiau resursų visuomenės švietimui, sąmoningumo didinimui bei įtraukimui sprendžiant aplinkos apsaugos klausimus; 2) Sugriežtinsime nuobaudas pažeidėjams ir užtikrinsime šios srities pareigūnų atsakomybę už savo veiksmus ar neveikimą; 3) Ženkliai padidinsime atliekų tvarkymo efektyvumą; pereisime prie tvarkos, kai mokama už faktinį šalinamų atliekų kiekį; 4) Užtikrinsime tvarią tolesnę atsinaujinančių energijos išteklių plėtrą; skatinsime perėjimą prie mažiau taršių elektra ir gamtinėmis dujomis varomų automobilių; 5) Padidinsime valstybinių miškų valdymo efektyvumą ir skaidrumą; užtikrinsime biologinės įvairovės ir gyvųjų gamtos išteklių apsaugą; 6) Sukursime efektyvesnę pastatų renovacijos sistemą bei užkardysime nelegalias statybas.""",http://senas.tsajunga.lt/wp-content/uploads/2014/04/TS-LKD-naujas-planas-Lietuvai-bendras-programinis-dokumentas.pdf,LT,Lithuania,360,Homeland Union – Lithuanian Christian Democrats,TS-LKD,http://files2.societly.com.s3-website.eu-central-1.amazonaws.com/0000/0000/0025/candidates/0000/0000/0360/ts-lkd.logo-1554887939.jpg,The promotion of public transport should be fostered through green taxes (e.g. road taxing),12
,1137,,,,LT,Lithuania,389,Liberals Movement of the Republic of Lithuania,LRLS,http://files2.societly.com.s3-website.eu-central-1.amazonaws.com/0000/0000/0025/candidates/0000/0000/0389/ls.logo-1554888007.jpg,The promotion of public transport should be fostered through green taxes (e.g. road taxing),12
,1137,,,,LT,Lithuania,434,The Labour Party,DP,http://files2.societly.com.s3-website.eu-central-1.amazonaws.com/0000/0000/0025/candidates/0000/0000/0434/darbo_partija_logo.svg-1554885098.png,The promotion of public transport should be fostered through green taxes (e.g. road taxing),12
,1137,,,,LT,Lithuania,440,The Lithuanian Farmers and Greens Union,LVŽS,http://files2.societly.com.s3-website.eu-central-1.amazonaws.com/0000/0000/0025/candidates/0000/0000/0440/l%C5%BDvs.logo-1554888325.jpg,The promotion of public transport should be fostered through green taxes (e.g. road taxing),12
,1137,,,,LT,Lithuania,443,Party Order and Justice,PTT ,http://files2.societly.com.s3-website.eu-central-1.amazonaws.com/0000/0000/0025/candidates/0000/0000/0443/atsisi%C5%B3sti-1554895812.png,The promotion of public transport should be fostered through green taxes (e.g. road taxing),12
75.0,1138,Lietuvos Socialdemokratų partijos vizija 2014,"Žaliasis augimas: tvarus vystymasis ir gamtos apsauga, Lietuvos Socialdemokratų partijos vizija 2014",https://www.lsdp.lt/apie/programa/,LT,Lithuania,274,Social Democratic Party of Lithuania,LSDP,http://files2.societly.com.s3-website.eu-central-1.amazonaws.com/0000/0000/0025/candidates/0000/0000/0274/lsdp.logo-1554888259.jpg,Renewable sources of energy (e.g. solar or wind energy) should be supported even if this means higher energy costs,13
,1138,2012 m. Seimo rinkimų programa,"Remsime „žaliosios ekonomikos” pagrindų kūrimąsi, kaip ekonominės ir socialinės plėtros impulsą per atnaujinamosios ir alternatyviosios energetikos plėtros programų įvedimą, ypatingai skatindami išskiriančią minimalų anglies dioksido kiekį į aplinką ir energiją tausojančią pramonę. BET: privalome rimtai susimąstyti dėl akcizų degalams mažinimo: dėl to sumažėtų kainos degalinėse, padidėtų transporto srautai, tuo pačiu didėtų įplaukos nuo kuro pardavimo.",http://www.awpl.lt/?page_id=60&lang=lt,LT,Lithuania,324,Electoral Action of Poles in Lithuania - Union of Christian Families,LLRA-KŠS,http://files2.societly.com.s3-website.eu-central-1.amazonaws.com/0000/0000/0025/candidates/0000/0000/0324/llra.logo-1554887964.png,Renewable sources of energy (e.g. solar or wind energy) should be supported even if this means higher energy costs,13
25.0,1138,TS-LKD planas Lietuvai (prioritetai iki 2021 m.),"Atsinaujinančių energijos išteklių dalies augimas bendrajame energetikos balanse neabejotinai turi būti matomas kaip strateginis ilgojo laikotarpio tikslas. Visgi kol nėra aišku, kokio dydžio mokestis už išmetamo anglies dvideginio toną bus toliau taikomas Europos Sąjungos mastu, tolesnė sparti vėjo ar saulės energetikos plėtra Lietuvoje nėra prasminga. Taip yra pirmiausia todėl, kad elektros gamyba iš šių atsinaujinančių šaltinių yra subsidijuojama iš valstybės biudžeto, todėl tik didina elektros energijos kainą galutiniam vartotojui.  Tik tuomet, kai dėl CO2 mokesčio iš konvencinių šaltinių gaminamos elektros energijos rinkos kaina ženkliai išaugs bei bus aiškiau apibrėžtos subsidijuojamos elektros energijos eksporto taisyklės, atsiras galimybės vėjo ar branduolinės energetikos plėtrai rinkos sąlygomis. Esame įsitikinę, jog būtent toks, rinkos konkurencija, o ne subsidijomis grįstas, atsinaujinančių išteklių plėtros modelis turėtų būti laikomas vidutinio-ilgojo laikotarpio siekiamybe nacionaliniu ir ES mastu. Toks modelis patrauklus tuo, kad įgalintų tvarią ir ekonomine logika grįstą atsinaujinančių energijos išteklių plėtrą, nesukeliančią neigiamų padarinių šalies ūkio konkurencingumui bei kainų, kurias priversti mokėti galutiniai vartotojai, lygiui. ",http://senas.tsajunga.lt/wp-content/uploads/2014/04/TS-LKD-naujas-planas-Lietuvai-bendras-programinis-dokumentas.pdf,LT,Lithuania,360,Homeland Union – Lithuanian Christian Democrats,TS-LKD,http://files2.societly.com.s3-website.eu-central-1.amazonaws.com/0000/0000/0025/candidates/0000/0000/0360/ts-lkd.logo-1554887939.jpg,Renewable sources of energy (e.g. solar or wind energy) should be supported even if this means higher energy costs,13
,1138,,,,LT,Lithuania,389,Liberals Movement of the Republic of Lithuania,LRLS,http://files2.societly.com.s3-website.eu-central-1.amazonaws.com/0000/0000/0025/candidates/0000/0000/0389/ls.logo-1554888007.jpg,Renewable sources of energy (e.g. solar or wind energy) should be supported even if this means higher energy costs,13
,1138,,,,LT,Lithuania,434,The Labour Party,DP,http://files2.societly.com.s3-website.eu-central-1.amazonaws.com/0000/0000/0025/candidates/0000/0000/0434/darbo_partija_logo.svg-1554885098.png,Renewable sources of energy (e.g. solar or wind energy) should be supported even if this means higher energy costs,13
,1138,,,,LT,Lithuania,440,The Lithuanian Farmers and Greens Union,LVŽS,http://files2.societly.com.s3-website.eu-central-1.amazonaws.com/0000/0000/0025/candidates/0000/0000/0440/l%C5%BDvs.logo-1554888325.jpg,Renewable sources of energy (e.g. solar or wind energy) should be supported even if this means higher energy costs,13
,1138,,,,LT,Lithuania,443,Party Order and Justice,PTT ,http://files2.societly.com.s3-website.eu-central-1.amazonaws.com/0000/0000/0025/candidates/0000/0000/0443/atsisi%C5%B3sti-1554895812.png,Renewable sources of energy (e.g. solar or wind energy) should be supported even if this means higher energy costs,13
,1139,,,,LT,Lithuania,274,Social Democratic Party of Lithuania,LSDP,http://files2.societly.com.s3-website.eu-central-1.amazonaws.com/0000/0000/0025/candidates/0000/0000/0274/lsdp.logo-1554888259.jpg,Restrictions of personal privacy on the Internet should be accepted for public security reasons,14
,1139,,,,LT,Lithuania,324,Electoral Action of Poles in Lithuania - Union of Christian Families,LLRA-KŠS,http://files2.societly.com.s3-website.eu-central-1.amazonaws.com/0000/0000/0025/candidates/0000/0000/0324/llra.logo-1554887964.png,Restrictions of personal privacy on the Internet should be accepted for public security reasons,14
75.0,1139,TS-LKD planas Lietuvai (prioritetai iki 2021 m.),"Lietuva turi tapti saugesne valstybe, kurioje būtų sukurta saugesnė gyvenamoji aplinka, nepakantumas nusikaltimų vykdymui, visiškai užkirstas kelias neteisėtai migracijai ir nesudarytos sąlygos atsirasti rizikos veiksniams, didinantiems teroro aktų tikimybę. Tai gali būti pasiekta kompleksinėmis vidinio, ekonominio ir socialinio saugumo stiprinimo priemonėmis.",http://senas.tsajunga.lt/wp-content/uploads/2014/04/TS-LKD-naujas-planas-Lietuvai-bendras-programinis-dokumentas.pdf,LT,Lithuania,360,Homeland Union – Lithuanian Christian Democrats,TS-LKD,http://files2.societly.com.s3-website.eu-central-1.amazonaws.com/0000/0000/0025/candidates/0000/0000/0360/ts-lkd.logo-1554887939.jpg,Restrictions of personal privacy on the Internet should be accepted for public security reasons,14
25.0,1139,2016 m. Seimo rinkimų programa,"Ginsime pagrindines teises. Liberalai ir toliau nuosekliai gins asmens prigimtines teises ir laisves, o ypatingai teisę į privačią nuosavybę. Pasisakysime prieš įstatymines iniciatyvas, ribojančias asmens laisvę.",http://www.liberalai.lt/content/uploads/2016/06/20160818-PROGRAMA.pdf,LT,Lithuania,389,Liberals Movement of the Republic of Lithuania,LRLS,http://files2.societly.com.s3-website.eu-central-1.amazonaws.com/0000/0000/0025/candidates/0000/0000/0389/ls.logo-1554888007.jpg,Restrictions of personal privacy on the Internet should be accepted for public security reasons,14
0.0,1139,1. Seimo Darbo partijos frakcijos pranešimas 2. Darbo partijos 2016 m.  rinkimų į LR Seimą programa ,"1. RRT noras sekti interneto vartotojus, prisidengiant kova su kibernetinėmis grėsmėmis ir piratavimu, yra ne tik nepagrįstas, bet ir prieštarauja galiojantiems įstatymams, kurie saugo žmonių privatumą. Iš tiesų, iki tam tikro lygio RRT turėtų rūpintis kibernetinio saugumo užtikrinimu, tačiau tai neturi virsti totaliniu žmonių sekimu, ko ši tarnyba dabar ir siekia“, –įsitikinęs Seimo Darbo partijos frakcijos seniūnas Vytautas Gapšys. 2. griežtinsime asmens duomenų apsaugą ir numatysime adekvačias ir atgrasančias sankcijas už asmens privataus gyvenimo pažeidimą",1. https://www.lrs.lt/sip/portal.show?p_r=15375&p_k=1&p_t=151236 2. https://www.darbopartija.lt/seime/programa-2016/,LT,Lithuania,434,The Labour Party,DP,http://files2.societly.com.s3-website.eu-central-1.amazonaws.com/0000/0000/0025/candidates/0000/0000/0434/darbo_partija_logo.svg-1554885098.png,Restrictions of personal privacy on the Internet should be accepted for public security reasons,14
,1139,,,,LT,Lithuania,440,The Lithuanian Farmers and Greens Union,LVŽS,http://files2.societly.com.s3-website.eu-central-1.amazonaws.com/0000/0000/0025/candidates/0000/0000/0440/l%C5%BDvs.logo-1554888325.jpg,Restrictions of personal privacy on the Internet should be accepted for public security reasons,14
,1139,,,,LT,Lithuania,443,Party Order and Justice,PTT ,http://files2.societly.com.s3-website.eu-central-1.amazonaws.com/0000/0000/0025/candidates/0000/0000/0443/atsisi%C5%B3sti-1554895812.png,Restrictions of personal privacy on the Internet should be accepted for public security reasons,14
75.0,1140,Lietuvos Socialdemokratų partijos vizija 2014,"Vieninga ES mokesčių politika, Lietuvos Socialdemokratų partijos vizija 2014",https://www.lsdp.lt/apie/programa/,LT,Lithuania,274,Social Democratic Party of Lithuania,LSDP,http://files2.societly.com.s3-website.eu-central-1.amazonaws.com/0000/0000/0025/candidates/0000/0000/0274/lsdp.logo-1554888259.jpg,Criminals should be punished more severely,15
,1140,2012 m. Seimo rinkimų programa,Taikysime griežčiausias baudžiamąsias priemones korumpuotiems tarnautojams.,http://www.awpl.lt/?page_id=60&lang=lt,LT,Lithuania,324,Electoral Action of Poles in Lithuania - Union of Christian Families,LLRA-KŠS,http://files2.societly.com.s3-website.eu-central-1.amazonaws.com/0000/0000/0025/candidates/0000/0000/0324/llra.logo-1554887964.png,Criminals should be punished more severely,15
75.0,1140,TS-LKD planas Lietuvai (prioritetai iki 2021 m.),"Sugriežtinsime atsakomybę už nusikaltimus, susijusius su pedofilija ir vaikų pornografijos gamyba, platinimu bei vartojimu <…>, griežtinsime nuobaudas už korupcinio pobūdžio nusikaltimus <…>, Ženkliai sugriežtinti baudžiamąją ir administracinę atsakomybę sveikatos priežiūros įstaigų vadovams ir asmenims, imantiems ir duodantiems kyšius, <…> Sugriežtinsime nuobaudas pažeidėjams ir užtikrinsime šios srities pareigūnų atsakomybę už savo veiksmus ar neveikimą .",http://senas.tsajunga.lt/wp-content/uploads/2014/04/TS-LKD-naujas-planas-Lietuvai-bendras-programinis-dokumentas.pdf,LT,Lithuania,360,Homeland Union – Lithuanian Christian Democrats,TS-LKD,http://files2.societly.com.s3-website.eu-central-1.amazonaws.com/0000/0000/0025/candidates/0000/0000/0360/ts-lkd.logo-1554887939.jpg,Criminals should be punished more severely,15
25.0,1140,2016 m. Seimo rinkimų programa,"Liberalų nuomone, Lietuvos Viešojo saugumo sistema turi veikti tiksliai ir greitai. Liberalai teigia, kad tik susikalbėjimas tarp skirtingų tarnybų ir tinkamas jų aprūpinimas reikalingais resursais leis įgyvendinti saugios Lietuvos viziją. Skirsime ypatingą dėmesį net ir smulkioms nusikalstamoms veikoms, nukreiptoms prieš žmogų. Nė vienas nusikaltimas neliks nepastebėtas ir neužregistruotas siekiant „geresnės“ statistikos, nusikaltimų nebus atsisakoma tirti dėl formalių priežasčių. Formuosime aiškius teisėsaugos prioritetus. Prioritetą teiksime nusikaltimų prieš žmogaus sveikatą ir gyvybę tyrimui. Smurtinius nusikaltimus sieksime ištirti ir išnagrinėti per maksimaliai trumpą laiką. Didžiausias policijos prioritetas – greitas reagavimas į pagalbos šauksmą ir efektyvus bei racionalus tyrimas. <…> Skatinsime visuomenines viešojo saugumo iniciatyvas. Skirsime techninę bei kitą paramą saugios kaimynystės ir kitoms iniciatyvoms, užtikrinančioms saugią aplinką savo bendruomenėse.",http://www.liberalai.lt/content/uploads/2016/06/20160818-PROGRAMA.pdf,LT,Lithuania,389,Liberals Movement of the Republic of Lithuania,LRLS,http://files2.societly.com.s3-website.eu-central-1.amazonaws.com/0000/0000/0025/candidates/0000/0000/0389/ls.logo-1554888007.jpg,Criminals should be punished more severely,15
25.0,1140,Darbo partijos 2016 m.  rinkimų į LR Seimą programa,"administracinės ir baudžiamosios politikos kryptis orientuosime ne į jos griežtinimą, bet į atsakomybės neišvengiamumą.",https://www.darbopartija.lt/seime/programa-2016/,LT,Lithuania,434,The Labour Party,DP,http://files2.societly.com.s3-website.eu-central-1.amazonaws.com/0000/0000/0025/candidates/0000/0000/0434/darbo_partija_logo.svg-1554885098.png,Criminals should be punished more severely,15
75.0,1140,Lietuvos valstiečių ir žaliųjų sąjungos 2016 m. LR Seimo rinkimų programa,"a) Didinsime pinigines bausmes už korupcinio pobūdžio nusikaltimus. Korupcija turi tapti nepelninga. Sieksime, kad finansinės sankcijos būtų bent tris kartus didesnės už viešąjį gėrį, į kurį kėsintasi, ir taip priverstų tris kartus pagalvoti prieš imant kyšį.  b) Sieksime įtvirtinti teisinę normą, kad už korupcinius nusikaltimus nuteistiems asmenims bent dešimt metų būtų draudžiama užimti bet kokias viešai renkamas pareigas, o už korupcinius nusikaltimus nuteisti asmenys būtų įtraukiami į viešai skelbiamą tokių asmenų sąrašą iki teistumo išnykimo termino.  c) Sukursime efektyvias civilinio nepagrįstai įgyto turto konfiskavimo instituto nuostatas. Ši teisinė norma ir jos įgyvendinimo mechanizmas būtų taikomi ir tais atvejais, kai nėra nustatoma, kad turtas įgytas iš nusikalstamos veikos, tačiau turto savininkas negalėtų pagrįsti neproporcingai didelės vertės turto įsigijimo.",http://darnilietuva.lt/,LT,Lithuania,440,The Lithuanian Farmers and Greens Union,LVŽS,http://files2.societly.com.s3-website.eu-central-1.amazonaws.com/0000/0000/0025/candidates/0000/0000/0440/l%C5%BDvs.logo-1554888325.jpg,Criminals should be punished more severely,15
75.0,1140,Partijos Tvarka ir teisingumas 2016 m. rinkimų į LR Seimą programa,Griežtinsime bausmes už pasikėsinimą į žmogaus gyvybę ir turtą.,http://www.programa.tvarka.lt/TT_brosiura_preview.pdf,LT,Lithuania,443,Party Order and Justice,PTT ,http://files2.societly.com.s3-website.eu-central-1.amazonaws.com/0000/0000/0025/candidates/0000/0000/0443/atsisi%C5%B3sti-1554895812.png,Criminals should be punished more severely,15
75.0,1141,Lietuvos Socialdemokratų partijos vizija 2014,"Visa aprėpianti krašto apsauga, Lietuvos Socialdemokratų partijos vizija 2014",https://www.lsdp.lt/apie/programa/,LT,Lithuania,274,Social Democratic Party of Lithuania,LSDP,http://files2.societly.com.s3-website.eu-central-1.amazonaws.com/0000/0000/0025/candidates/0000/0000/0274/lsdp.logo-1554888259.jpg,The European Union should strengthen its security and defence policy,16
,1141,,,,LT,Lithuania,324,Electoral Action of Poles in Lithuania - Union of Christian Families,LLRA-KŠS,http://files2.societly.com.s3-website.eu-central-1.amazonaws.com/0000/0000/0025/candidates/0000/0000/0324/llra.logo-1554887964.png,The European Union should strengthen its security and defence policy,16
25.0,1141,TS-LKD planas Lietuvai (prioritetai iki 2021 m.),"Remsime Europos Sąjungos ir JAV partnerystės gilinimą. Sieksime kuo spartesnio laisvos prekybos sutarties pasirašymo ir įsigaliojimo tarp JAV ir Europos Sąjungos. Visgi tuo pat metu pasisakysime prieš bet kokius bandymus dubliuoti NATO veiklą Europos Sąjungoje formate, tai laikydami funkcija, kuri turi būti paliekama specialiai gynybos tikslais įkurtam ir atitinkamus gebėjimus šioje srityje turinčiam aljansui.",http://senas.tsajunga.lt/wp-content/uploads/2014/04/TS-LKD-naujas-planas-Lietuvai-bendras-programinis-dokumentas.pdf,LT,Lithuania,360,Homeland Union – Lithuanian Christian Democrats,TS-LKD,http://files2.societly.com.s3-website.eu-central-1.amazonaws.com/0000/0000/0025/candidates/0000/0000/0360/ts-lkd.logo-1554887939.jpg,The European Union should strengthen its security and defence policy,16
100.0,1141,2014 m. EP rinkimų programa,"Didelių investicijų reikalaujantis gynybos sektorius veiktų efektyviau ir užtikrintų didesnes saugumo garantijas, jei būtų sutelktas europiniu lygmeniu. Pritariame Europos kovinių grupių plėtrai ir jų virsmui šiuolaikine, modernia, vieninga ir efektyvia Europos kariuomene. Pasisakome už ES gynybos pajėgumų stiprinimą, glaudžiau koordinuojant gynybos planavimą su NATO, saugumo partnerystės plėtojimą su Rytų partnerystės šalimis.",https://www.vrk.lt/llrs-programa,LT,Lithuania,389,Liberals Movement of the Republic of Lithuania,LRLS,http://files2.societly.com.s3-website.eu-central-1.amazonaws.com/0000/0000/0025/candidates/0000/0000/0389/ls.logo-1554888007.jpg,The European Union should strengthen its security and defence policy,16
75.0,1141,Darbo partijos pranešimas,"„Europa šiandien susiduria su daugybe iššūkių saugumo ir gynybos srityje. Teikdami prioritetą visų Europos Sąjungos piliečių saugumo stiprinimui, kartu ieškosime efektyviausių būdų, kaip plėtoti sklandų NATO ir ES bendradarbiavimą, tarsimės, kaip plėsti pajėgumus įveikiant galimas kibernetines, energetines ar kitas grėsmes“, — sakė Seimo Nacionalinio saugumo ir gynybos komiteto pirmininkas Artūras Paulauskas. ",https://www.darbopartija.lt/naujienos/partijos-naujienos/a.-paulauskas-europos-saugumo-issukius-spesime-lietuvoje/,LT,Lithuania,434,The Labour Party,DP,http://files2.societly.com.s3-website.eu-central-1.amazonaws.com/0000/0000/0025/candidates/0000/0000/0434/darbo_partija_logo.svg-1554885098.png,The European Union should strengthen its security and defence policy,16
100.0,1141,Lietuvos valstiečių liaudininkų (dabar - Lietuvos valstiečių ir žaliųjų) sąjungos 2009 m. rinkimų į Europos Parlamentą  programa,Remiame bendros ES gynybos politikos idėją ir glaudesnį bendradarbiavimą saugumo bei gynybos srityje.,https://www.lvzs.lt/lt/index.php?option=com_content&view=article&id=339&Itemid=68#.XKupzyj7TIU,LT,Lithuania,440,The Lithuanian Farmers and Greens Union,LVŽS,http://files2.societly.com.s3-website.eu-central-1.amazonaws.com/0000/0000/0025/candidates/0000/0000/0440/l%C5%BDvs.logo-1554888325.jpg,The European Union should strengthen its security and defence policy,16
75.0,1141,Partijos Tvarka ir teisingumas 2014 m. rinkimų į Europos Parlamentą programa,Europos Sąjungos valstybės narės yra įsipareigojusios vykdyti Europos Sąjungos bendrąją užsienio ir saugumo politiką.,https://www.vrk.lt/TT-programa,LT,Lithuania,443,Party Order and Justice,PTT ,http://files2.societly.com.s3-website.eu-central-1.amazonaws.com/0000/0000/0025/candidates/0000/0000/0443/atsisi%C5%B3sti-1554895812.png,The European Union should strengthen its security and defence policy,16
,1142,,,,LT,Lithuania,274,Social Democratic Party of Lithuania,LSDP,http://files2.societly.com.s3-website.eu-central-1.amazonaws.com/0000/0000/0025/candidates/0000/0000/0274/lsdp.logo-1554888259.jpg,On foreign policy issues the European Union should speak with one voice,17
,1142,,,,LT,Lithuania,324,Electoral Action of Poles in Lithuania - Union of Christian Families,LLRA-KŠS,http://files2.societly.com.s3-website.eu-central-1.amazonaws.com/0000/0000/0025/candidates/0000/0000/0324/llra.logo-1554887964.png,On foreign policy issues the European Union should speak with one voice,17
100.0,1142,2009 m. EP rinkimų programa,"Siekdama įvykdyti savo įsipareigojimus tarptautinio saugumo srityje ir užimti stiprią poziciją tarptautinės politikos scenoje, Europa turi įsteigti institucijas, kurios jai leistų šnekėti vienu balsu. Tėvynės sąjungos ir Europos liaudies partijos nuomone, Europos Sąjunga negalės pasiekti šio tikslo, prieš tai neišsiaiškinusi kompetencijų ribų ir nesupaprastinusi sprendimų priėmimo procedūrų. ",www.lidata.eu/data/polsys/LiDA_POLSPART_000005/DOC.003,LT,Lithuania,360,Homeland Union – Lithuanian Christian Democrats,TS-LKD,http://files2.societly.com.s3-website.eu-central-1.amazonaws.com/0000/0000/0025/candidates/0000/0000/0360/ts-lkd.logo-1554887939.jpg,On foreign policy issues the European Union should speak with one voice,17
100.0,1142,2016 m. Seimo rinkimų programa,"Atkakliai priešinsimės Vakarų pasaulio vienybės skaldymui <…>. Sieksime, kad Lietuva būtų aktyvi ES užsienio ir saugumo politiką formuojanti dalyvė. Remsime gilesnę ES ekonominę integraciją, ES vientisumo išlaikymą, ES institucijų stiprinimą, sutelkiant pastangas į ES vieningos rinkos galutinį sukūrimą.",http://www.liberalai.lt/content/uploads/2016/06/20160818-PROGRAMA.pdf,LT,Lithuania,389,Liberals Movement of the Republic of Lithuania,LRLS,http://files2.societly.com.s3-website.eu-central-1.amazonaws.com/0000/0000/0025/candidates/0000/0000/0389/ls.logo-1554888007.jpg,On foreign policy issues the European Union should speak with one voice,17
,1142,,,,LT,Lithuania,434,The Labour Party,DP,http://files2.societly.com.s3-website.eu-central-1.amazonaws.com/0000/0000/0025/candidates/0000/0000/0434/darbo_partija_logo.svg-1554885098.png,On foreign policy issues the European Union should speak with one voice,17
,1142,,,,LT,Lithuania,440,The Lithuanian Farmers and Greens Union,LVŽS,http://files2.societly.com.s3-website.eu-central-1.amazonaws.com/0000/0000/0025/candidates/0000/0000/0440/l%C5%BDvs.logo-1554888325.jpg,On foreign policy issues the European Union should speak with one voice,17
100.0,1142,Partijos Tvarka ir teisingumas 2014 m. rinkimų į Europos Parlamentą programa,"Europos Sąjungos institucijos turi užtikrinti, kad įvairūs jos išorės politikos aspektai būtų tarpusavyje suderinti, skelbtų vieną aiškią žinią.",https://www.vrk.lt/TT-programa,LT,Lithuania,443,Party Order and Justice,PTT ,http://files2.societly.com.s3-website.eu-central-1.amazonaws.com/0000/0000/0025/candidates/0000/0000/0443/atsisi%C5%B3sti-1554895812.png,On foreign policy issues the European Union should speak with one voice,17
100.0,1143,Lietuvos Socialdemokratų partijos vizija 2014,,https://www.lsdp.lt/apie/programa/,LT,Lithuania,274,Social Democratic Party of Lithuania,LSDP,http://files2.societly.com.s3-website.eu-central-1.amazonaws.com/0000/0000/0025/candidates/0000/0000/0274/lsdp.logo-1554888259.jpg,European integration is a good thing,18
75.0,1143,2012 m. Seimo rinkimų programa,"Užsienio politikoje turime stiprinti mūsų integraciją Euro-Atlantinėse struktūrose, Europos Sąjungoje ir NATO.",http://www.awpl.lt/?page_id=60&lang=lt,LT,Lithuania,324,Electoral Action of Poles in Lithuania - Union of Christian Families,LLRA-KŠS,http://files2.societly.com.s3-website.eu-central-1.amazonaws.com/0000/0000/0025/candidates/0000/0000/0324/llra.logo-1554887964.png,European integration is a good thing,18
100.0,1143,TS-LKD planas Lietuvai (prioritetai iki 2021 m.),"Lietuva, tapdama stipriausių ir garbingiausių Vakarų bendrijų – Europos Sąjungos ir NATO nare, užbaigė kovos už nepriklausomybę laikotarpiu suformuotą integracijos į Vakarų politinės, ekonominės ir kultūrinės erdvės etapą.",http://senas.tsajunga.lt/wp-content/uploads/2014/04/TS-LKD-naujas-planas-Lietuvai-bendras-programinis-dokumentas.pdf,LT,Lithuania,360,Homeland Union – Lithuanian Christian Democrats,TS-LKD,http://files2.societly.com.s3-website.eu-central-1.amazonaws.com/0000/0000/0025/candidates/0000/0000/0360/ts-lkd.logo-1554887939.jpg,European integration is a good thing,18
100.0,1143,2016 m. Seimo rinkimų programa,"Remsime gilesnę ES ekonominę integraciją, ES vientisumo išlaikymą, ES institucijų stiprinimą, sutelkiant pastangas į ES vieningos rinkos galutinį sukūrimą. <…> Jungtinės Karalystės vykusio refrendumo rezultatas – rimtas iššūkis ES integralumui. <...> Būsime tarpininkai tarp ES valstybių partnerių ir Rytų partnerystės valstybių (Ukrainos, Moldovos, Gruzijos ir kt.). Sieksime greitesnės šių valstybių integracijos su ES.",http://www.liberalai.lt/content/uploads/2016/06/20160818-PROGRAMA.pdf,LT,Lithuania,389,Liberals Movement of the Republic of Lithuania,LRLS,http://files2.societly.com.s3-website.eu-central-1.amazonaws.com/0000/0000/0025/candidates/0000/0000/0389/ls.logo-1554888007.jpg,European integration is a good thing,18
100.0,1143,Darbo partijos 2019 m.  rinkimų į Europos Parlamentą programa,"Mes pasisakome už stiprią, klestinčią Europos Sąjungą, todėl dėsime visas pastangas, kad išlaikytume jos tęstinumą, nes tai yra Lietuvos ir jos žmonių interesas.",https://www.darbopartija.lt/europos-parlamente/kandidatu-sarasas/,LT,Lithuania,434,The Labour Party,DP,http://files2.societly.com.s3-website.eu-central-1.amazonaws.com/0000/0000/0025/candidates/0000/0000/0434/darbo_partija_logo.svg-1554885098.png,European integration is a good thing,18
75.0,1143,Lietuvos valstiečių ir žaliųjų sąjungos 2016 m. LR Seimo rinkimų programa,"Mes pasisakome už aktyvią Lietuvoje poziciją Europos Sąjungoje, už nacionalinių valstybių vaidmens stiprinimą, bet pasisakome prieš ES priverstinę federalizaciją, kuri ir grasina kitų šalių pasitraukimu iš ES. ",http://darnilietuva.lt/,LT,Lithuania,440,The Lithuanian Farmers and Greens Union,LVŽS,http://files2.societly.com.s3-website.eu-central-1.amazonaws.com/0000/0000/0025/candidates/0000/0000/0440/l%C5%BDvs.logo-1554888325.jpg,European integration is a good thing,18
25.0,1143,Partijos pareiškimas,"Europos komisarai inicijuoja sankcijas Lenkijai dėl teismų reformos, jie remdamiesi Bendrijos sutarties 7-uoju straipsniu įvardija Lenkijos veiksmus kaip „sisteminę grėsmę“ šalies teismų sistemos nepriklausomybei.  Nors Lenkija atsisakė vykdyti EK „rekomendacijas“ teigdama, kad valstybė turi teisę reformuoti savo teismų sistemą, tačiau reikia manyti, kad spaudimas iš Briuselio nėra atsitiktinis reiškinys.  Nors ir keista, tačiau EK turi vienareikšmį didžiųjų valstybių - Vokietijos ir Prancūzijos - palaikymą. Pastarosios šalies ministrė net atvirai grasina Lenkijai kvestionuoti europinių pinigų skyrimą infrastruktūriniams projektams.  Nieko nuostabaus, kad Briuselis sparčiai siekia plėtoti bei direktyvomis diegti valdininkų ir biurokratų valdomos Europos projektą.  Vienas iš Europos Sąjungos tėvų - Prancūzijos politikos ir ekonomikos patarėjas Žanas Monė (Jean Monnet), visą savo gyvenimą paskyręs Europos integracijos idėjai, yra taip apibrėžęs jos esmę: „reikia atimti valdžią iš politikų ir atiduoti ją valdininkams“.  Žanas Monė pasiūlė sukurti administracinę sistemą, kuri veiktų pagal nepolitinės politikos principą ir kurioje galią turėtų valdininkai, o piliečiai nedarytų beveik jokios įtakos.  Šis prancūzų veikėjas labai rezervuotai žiūrėjo į demokratinės valstybės organizaciją ir buvo įsitikinęs, kad valdininkai yra išmintingesni už politikus bei piliečius. Jis visiškai nepasitikėjo liberalia demokratija bei tradicine filosofine politika ir padarė išvadą, kad apsišvietę valdininkai geriausiai žino, kas naudinga piliečiams.  Todėl nereikėtų stebėtis, kodėl Europos Sąjunga šiandien vis labiau neatitinka demokratinei politinei sistemai keliamų reikalavimų.  Apsimestinė Briuselio demokratija šiandien yra dominuojanti beveik visoje Europoje, išskyrus keletą Rytų Europos valstybių, tarp kurių yra ir Lenkija, tačiau, deja, nėra Lietuvos vardo.  Lietuvoje demokratijos deficitas atsispindi kaip įprotis, kurį reikia kopijuoti nuo centralizuotos Europos Komisijos galios ir noro viską „sureguliuoti“.  Dabartinė demokratijos deficito karta mano, kad kištis į kitų gyvenimus yra teisinga: „Mes žinome, kas jums naudinga“.  Šiandien Lietuvos valdžia bene labiausiai Europos Sąjungoje siekia pirmauti diegdama „valdininkų valstybės principą“, kuris praktiškai reiškia negrįžtamą valstybingumo praradimo grėsmę.",http://www.tvarka.lt/lt/naujienos/lietuvos-valdzia-siekia-pirmauti-diegdama-valdininku-valstybes-principa,LT,Lithuania,443,Party Order and Justice,PTT ,http://files2.societly.com.s3-website.eu-central-1.amazonaws.com/0000/0000/0025/candidates/0000/0000/0443/atsisi%C5%B3sti-1554895812.png,European integration is a good thing,18
,1144,,,,LT,Lithuania,274,Social Democratic Party of Lithuania,LSDP,http://files2.societly.com.s3-website.eu-central-1.amazonaws.com/0000/0000/0025/candidates/0000/0000/0274/lsdp.logo-1554888259.jpg,The single European currency (Euro) is a bad thing,19
75.0,1144,2014 m. EP rinkimų programa,"Lietuva dabar turėtų savęs paklausti, ar euras yra patikima valiuta ir ar ne būtų geriau laikytis savo valiutos, bent tol, kol padėtis euro zonoje taps aiški ir nuspėjama. Euro įvedimo atidėjimas būtų geriausias sprendimas. Ir, svarbiausia, saugus Lietuvos gyventojams, nes apsaugos juos nuo drastiško realių prekių ir paslaugų kainų padidėjimo po įėjimo į euro zoną, kaip buvo beveik visose eurą įsivedusiose valstybėse.",https://www.vrk.lt/LLRA-programa,LT,Lithuania,324,Electoral Action of Poles in Lithuania - Union of Christian Families,LLRA-KŠS,http://files2.societly.com.s3-website.eu-central-1.amazonaws.com/0000/0000/0025/candidates/0000/0000/0324/llra.logo-1554887964.png,The single European currency (Euro) is a bad thing,19
0.0,1144,Politinė deklaracija,"Seimo Tėvynės sąjungos-Lietuvos krikščionių demokratų (TS-LKD) frakcijos seniūnas Andrius Kubilius šiandien kreipėsi į Ministrą Pirmininką Algirdą Butkevičių, kviesdamas artimiausiu metu pradėti konsultacijas tarp politinių partijų dėl Nacionalinio susitarimo euro įvedimo nuo 2015 metų sausio 1 d. pasirašymo.",http://www.bernardinai.lt/straipsnis/2014-01-10-konservatoriai-nori-nacionalinio-susitarimo-del-euro/112602,LT,Lithuania,360,Homeland Union – Lithuanian Christian Democrats,TS-LKD,http://files2.societly.com.s3-website.eu-central-1.amazonaws.com/0000/0000/0025/candidates/0000/0000/0360/ts-lkd.logo-1554887939.jpg,The single European currency (Euro) is a bad thing,19
0.0,1144,2014 m. EP rinkimų programa,[Esame] euro šalininkai,https://www.vrk.lt/llrs-programa,LT,Lithuania,389,Liberals Movement of the Republic of Lithuania,LRLS,http://files2.societly.com.s3-website.eu-central-1.amazonaws.com/0000/0000/0025/candidates/0000/0000/0389/ls.logo-1554888007.jpg,The single European currency (Euro) is a bad thing,19
0.0,1144,Darbo partijos 2009 m.  rinkimų į Europos Parlamentą programa,Pasisakome už bendrą ES valiutą - eurą.,https://www.vrk.lt/nr.-12-darbo-partija,LT,Lithuania,434,The Labour Party,DP,http://files2.societly.com.s3-website.eu-central-1.amazonaws.com/0000/0000/0025/candidates/0000/0000/0434/darbo_partija_logo.svg-1554885098.png,The single European currency (Euro) is a bad thing,19
25.0,1144,1. Lietuvos valstiečių liaudininkų (dabar - Lietuvos valstiečių ir žaliųjų) sąjungos 2009 m. rinkimų į Europos Parlamentą  programa 2. Partijos lyderio pozicija," 1. remsime pastangas tobulinti teisinį reglamentavimą dėl ES bendrosios valiutos –euro funkcionavimo ir reikalavimų norint priklausyti eurozonai taikymo. Sieksime, kad Lietuva sėkmingai ir jai palankiausiu būdu įsijungtų į bendros ES valiutos – euro sistemą                                                                                                                                             2. ""Iš principo mes įspėjome prieš porą metų, kad euro įvedimas labai pakels kainas ir prekybininkai tuo labai aiškiai naudosis. Tai ir įvyko, ir tose šalyse, kur įvedamas euras, infliacija iššoko, ir čia nieko stebėtino. Buvo tikrai pastebimas vienas iš kainų kilimo faktorių, tai euro įvedimas"", — interviu sakė Karbauskis.",1. https://www.lvzs.lt/lt/index.php?option=com_content&view=article&id=339&Itemid=68#.XKupzyj7TIU     2. http://ldiena.lt/straipsnis/6686/karbauskis-uz-kainu-augima-atsakingi-euras-ir-verslas,LT,Lithuania,440,The Lithuanian Farmers and Greens Union,LVŽS,http://files2.societly.com.s3-website.eu-central-1.amazonaws.com/0000/0000/0025/candidates/0000/0000/0440/l%C5%BDvs.logo-1554888325.jpg,The single European currency (Euro) is a bad thing,19
,1144,,,,LT,Lithuania,443,Party Order and Justice,PTT ,http://files2.societly.com.s3-website.eu-central-1.amazonaws.com/0000/0000/0025/candidates/0000/0000/0443/atsisi%C5%B3sti-1554895812.png,The single European currency (Euro) is a bad thing,19
,1145,,,,LT,Lithuania,274,Social Democratic Party of Lithuania,LSDP,http://files2.societly.com.s3-website.eu-central-1.amazonaws.com/0000/0000/0025/candidates/0000/0000/0274/lsdp.logo-1554888259.jpg,Individual member states of the European Union should have less veto power,20
25.0,1145,2014 m. EP rinkimų programa,"Tik suverenios valstybės, bendradarbiaujančios tarpusavyje, gali tapti Senojo žemyno politine jėga. Nauja, reformuota ES turėtų būti grindžiama keliomis, svarbiomis tėvynių Europos atžvilgiu, nuostatomis: <…> pagarba tradicijai, suverenitetui, demokratijai ir Europos tautų tapatybei;",https://www.vrk.lt/LLRA-programa,LT,Lithuania,324,Electoral Action of Poles in Lithuania - Union of Christian Families,LLRA-KŠS,http://files2.societly.com.s3-website.eu-central-1.amazonaws.com/0000/0000/0025/candidates/0000/0000/0324/llra.logo-1554887964.png,Individual member states of the European Union should have less veto power,20
50.0,1145,TS-LKD planas Lietuvai (prioritetai iki 2021 m.),"Vykdysime apdairią Europos politiką – pripažindami tolesnės Europos Sąjungos integracijos būtinybę ir Bendrijos buvimą kryžkelėje tarp gilesnės integracijos ir fragmentacijos, tolesniuose integraciniuose procesuose sieksime pusiausvyros tarp nacionalinių interesų ir supranacionalinių ES institucijų iniciatyvų. ",http://senas.tsajunga.lt/wp-content/uploads/2014/04/TS-LKD-naujas-planas-Lietuvai-bendras-programinis-dokumentas.pdf,LT,Lithuania,360,Homeland Union – Lithuanian Christian Democrats,TS-LKD,http://files2.societly.com.s3-website.eu-central-1.amazonaws.com/0000/0000/0025/candidates/0000/0000/0360/ts-lkd.logo-1554887939.jpg,Individual member states of the European Union should have less veto power,20
75.0,1145,2016 m. Seimo rinkimų programa,"Remsime gilesnę ES ekonominę integraciją, ES vientisumo išlaikymą, ES institucijų stiprinimą, sutelkiant pastangas į ES vieningos rinkos galutinį sukūrimą.",http://www.liberalai.lt/content/uploads/2016/06/20160818-PROGRAMA.pdf,LT,Lithuania,389,Liberals Movement of the Republic of Lithuania,LRLS,http://files2.societly.com.s3-website.eu-central-1.amazonaws.com/0000/0000/0025/candidates/0000/0000/0389/ls.logo-1554888007.jpg,Individual member states of the European Union should have less veto power,20
,1145,,,,LT,Lithuania,434,The Labour Party,DP,http://files2.societly.com.s3-website.eu-central-1.amazonaws.com/0000/0000/0025/candidates/0000/0000/0434/darbo_partija_logo.svg-1554885098.png,Individual member states of the European Union should have less veto power,20
,1145,,,,LT,Lithuania,440,The Lithuanian Farmers and Greens Union,LVŽS,http://files2.societly.com.s3-website.eu-central-1.amazonaws.com/0000/0000/0025/candidates/0000/0000/0440/l%C5%BDvs.logo-1554888325.jpg,Individual member states of the European Union should have less veto power,20
,1145,,,,LT,Lithuania,443,Party Order and Justice,PTT ,http://files2.societly.com.s3-website.eu-central-1.amazonaws.com/0000/0000/0025/candidates/0000/0000/0443/atsisi%C5%B3sti-1554895812.png,Individual member states of the European Union should have less veto power,20
,1146,,,,LT,Lithuania,274,Social Democratic Party of Lithuania,LSDP,http://files2.societly.com.s3-website.eu-central-1.amazonaws.com/0000/0000/0025/candidates/0000/0000/0274/lsdp.logo-1554888259.jpg,"In European Parliament elections, European Union citizens should be allowed to cast a vote for a party or candidate from any other Member State",21
,1146,,,,LT,Lithuania,324,Electoral Action of Poles in Lithuania - Union of Christian Families,LLRA-KŠS,http://files2.societly.com.s3-website.eu-central-1.amazonaws.com/0000/0000/0025/candidates/0000/0000/0324/llra.logo-1554887964.png,"In European Parliament elections, European Union citizens should be allowed to cast a vote for a party or candidate from any other Member State",21
,1146,,,,LT,Lithuania,360,Homeland Union – Lithuanian Christian Democrats,TS-LKD,http://files2.societly.com.s3-website.eu-central-1.amazonaws.com/0000/0000/0025/candidates/0000/0000/0360/ts-lkd.logo-1554887939.jpg,"In European Parliament elections, European Union citizens should be allowed to cast a vote for a party or candidate from any other Member State",21
,1146,,,,LT,Lithuania,389,Liberals Movement of the Republic of Lithuania,LRLS,http://files2.societly.com.s3-website.eu-central-1.amazonaws.com/0000/0000/0025/candidates/0000/0000/0389/ls.logo-1554888007.jpg,"In European Parliament elections, European Union citizens should be allowed to cast a vote for a party or candidate from any other Member State",21
,1146,,,,LT,Lithuania,434,The Labour Party,DP,http://files2.societly.com.s3-website.eu-central-1.amazonaws.com/0000/0000/0025/candidates/0000/0000/0434/darbo_partija_logo.svg-1554885098.png,"In European Parliament elections, European Union citizens should be allowed to cast a vote for a party or candidate from any other Member State",21
,1146,,,,LT,Lithuania,440,The Lithuanian Farmers and Greens Union,LVŽS,http://files2.societly.com.s3-website.eu-central-1.amazonaws.com/0000/0000/0025/candidates/0000/0000/0440/l%C5%BDvs.logo-1554888325.jpg,"In European Parliament elections, European Union citizens should be allowed to cast a vote for a party or candidate from any other Member State",21
,1146,,,,LT,Lithuania,443,Party Order and Justice,PTT ,http://files2.societly.com.s3-website.eu-central-1.amazonaws.com/0000/0000/0025/candidates/0000/0000/0443/atsisi%C5%B3sti-1554895812.png,"In European Parliament elections, European Union citizens should be allowed to cast a vote for a party or candidate from any other Member State",21
